"","city","township","village","fullname","Nb","Nr","Nt"
"1","宜蘭縣","大同鄉","崙埤村","宜蘭縣大同鄉崙埤村",379,47.2604,30
"2","宜蘭縣","大同鄉","寒溪村","宜蘭縣大同鄉寒溪村",38.1667,24.4514,20
"3","宜蘭縣","宜蘭市","七結里","宜蘭縣宜蘭市七結里",0,0,0
"4","宜蘭縣","宜蘭市","小東里","宜蘭縣宜蘭市小東里",1,1,1
"5","宜蘭縣","宜蘭市","中興里","宜蘭縣宜蘭市中興里",1,1,1
"6","宜蘭縣","宜蘭市","延平里","宜蘭縣宜蘭市延平里",12,13.3115,12
"7","宜蘭縣","宜蘭市","東門里","宜蘭縣宜蘭市東門里",0,0,0
"8","宜蘭縣","宜蘭市","泰山里","宜蘭縣宜蘭市泰山里",5,5.12,5
"9","宜蘭縣","宜蘭市","梅洲里","宜蘭縣宜蘭市梅洲里",199.3333,53.7392,37
"10","宜蘭縣","員山鄉","湖北村","宜蘭縣員山鄉湖北村",16,18.7896,16
"11","宜蘭縣","員山鄉","蓁巷村","宜蘭縣員山鄉蓁巷村",46.7143,26.6471,22
"12","宜蘭縣","員山鄉","頭分村","宜蘭縣員山鄉頭分村",10,10.3492,10
"13","宜蘭縣","羅東鎮","南豪里","宜蘭縣羅東鎮南豪里",1,1,1
"14","宜蘭縣","羅東鎮","羅莊里","宜蘭縣羅東鎮羅莊里",7,9.1394,7
"15","宜蘭縣","蘇澳鎮","永榮里","宜蘭縣蘇澳鎮永榮里",20,20.1301,20
"16","宜蘭縣","蘇澳鎮","南安里","宜蘭縣蘇澳鎮南安里",48.2,29.6572,23
"17","宜蘭縣","蘇澳鎮","南寧里","宜蘭縣蘇澳鎮南寧里",9,10.7422,9
"18","宜蘭縣","蘇澳鎮","港邊里","宜蘭縣蘇澳鎮港邊里",19,19.8136,19
"19","宜蘭縣","蘇澳鎮","聖愛里","宜蘭縣蘇澳鎮聖愛里",2,2,2
"20","花蓮縣","吉安鄉","仁里村","花蓮縣吉安鄉仁里村",27,10.5003,8
"21","花蓮縣","吉安鄉","東昌村","花蓮縣吉安鄉東昌村",112.5,61.6017,52
"22","花蓮縣","吉安鄉","稻香村","花蓮縣吉安鄉稻香村",25.3333,14.7852,13
"23","花蓮縣","花蓮市","主安里","花蓮縣花蓮市主安里",7.5,5.5713,5
"24","花蓮縣","花蓮市","主信里","花蓮縣花蓮市主信里",1,1,1
"25","花蓮縣","花蓮市","主義里","花蓮縣花蓮市主義里",4.8571,4.9328,5
"26","花蓮縣","花蓮市","主權里","花蓮縣花蓮市主權里",63,37.3359,25
"27","花蓮縣","花蓮市","民生里","花蓮縣花蓮市民生里",29,9.4261,9
"28","花蓮縣","花蓮市","國盛里","花蓮縣花蓮市國盛里",7,6.0373,6
"29","花蓮縣","花蓮市","國福里","花蓮縣花蓮市國福里",153.5357,125.6034,86
"30","花蓮縣","瑞穗鄉","奇美村","花蓮縣瑞穗鄉奇美村",60.0513,79.5641,54
"31","花蓮縣","瑞穗鄉","富源村","花蓮縣瑞穗鄉富源村",70.75,60.6691,46
"32","花蓮縣","瑞穗鄉","瑞美村","花蓮縣瑞穗鄉瑞美村",46.7857,54.0076,32
"33","花蓮縣","鳳林鎮","大榮里","花蓮縣鳳林鎮大榮里",56.3871,69.8395,47
"34","花蓮縣","鳳林鎮","長橋里","花蓮縣鳳林鎮長橋里",41.7857,34.6839,31
"35","花蓮縣","鳳林鎮","森榮里","花蓮縣鳳林鎮森榮里",13.6389,14.2269,15
"36","花蓮縣","豐濱鄉","新社村","花蓮縣豐濱鄉新社村",14.3333,14.0725,14
"37","花蓮縣","豐濱鄉","豐濱村","花蓮縣豐濱鄉豐濱村",34.1277,36.613,31
"38","金門縣","金沙鎮","官嶼里","金門縣金沙鎮官嶼里",8,11.3439,8
"39","金門縣","金城鎮","西門里","金門縣金城鎮西門里",5.75,6.6662,5
"40","金門縣","金湖鎮","新市里","金門縣金湖鎮新市里",27,14.7332,11
"41","金門縣","金湖鎮","瓊林里","金門縣金湖鎮瓊林里",1,1,1
"42","南投縣","竹山鎮","延平里","南投縣竹山鎮延平里",46,58.9791,46
"43","南投縣","竹山鎮","社寮里","南投縣竹山鎮社寮里",857,94.1239,66
"44","南投縣","竹山鎮","雲林里","南投縣竹山鎮雲林里",64.5,21.1453,17
"45","南投縣","竹山鎮","鯉魚里","南投縣竹山鎮鯉魚里",134.75,37.6027,37
"46","南投縣","南投市","三民里","南投縣南投市三民里",4,4.2436,4
"47","南投縣","南投市","千秋里","南投縣南投市千秋里",23.6,20.1597,15
"48","南投縣","南投市","永豐里","南投縣南投市永豐里",9,14.2079,9
"49","南投縣","南投市","光華里","南投縣南投市光華里",18.3,25.1759,21
"50","南投縣","南投市","鳳鳴里","南投縣南投市鳳鳴里",25.7273,27.0081,19
"51","南投縣","草屯鎮","上林里","南投縣草屯鎮上林里",6,7.0008,6
"52","南投縣","草屯鎮","土城里","南投縣草屯鎮土城里",36,14.2079,9
"53","南投縣","草屯鎮","平林里","南投縣草屯鎮平林里",42.3333,24.0524,23
"54","南投縣","草屯鎮","新庄里","南投縣草屯鎮新庄里",10.3333,9.1394,7
"55","南投縣","國姓鄉","長豐村","南投縣國姓鄉長豐村",10,11.4246,10
"56","南投縣","國姓鄉","南港村","南投縣國姓鄉南港村",16,18.666,16
"57","南投縣","國姓鄉","國姓村","南投縣國姓鄉國姓村",20,25.7487,20
"58","南投縣","國姓鄉","福龜村","南投縣國姓鄉福龜村",16,17.1507,16
"59","南投縣","鹿谷鄉","和雅村","南投縣鹿谷鄉和雅村",11,15.6304,11
"60","南投縣","鹿谷鄉","清水村","南投縣鹿谷鄉清水村",232,26.7072,24
"61","南投縣","鹿谷鄉","瑞田村","南投縣鹿谷鄉瑞田村",458.5,55.0513,49
"62","南投縣","鹿谷鄉","彰雅村","南投縣鹿谷鄉彰雅村",119.25,40.0696,34
"63","南投縣","集集鎮","田寮里","南投縣集集鎮田寮里",17,22.4494,17
"64","南投縣","集集鎮","吳厝里","南投縣集集鎮吳厝里",357,36.2364,30
"65","南投縣","集集鎮","廣明里","南投縣集集鎮廣明里",51,68.3278,51
"66","屏東縣","內埔鄉","上樹村","屏東縣內埔鄉上樹村",25,34.9508,25
"67","屏東縣","內埔鄉","建興村","屏東縣內埔鄉建興村",2290,103.0843,75
"68","屏東縣","內埔鄉","美和村","屏東縣內埔鄉美和村",26,29.8924,26
"69","屏東縣","內埔鄉","富田村","屏東縣內埔鄉富田村",183.3333,48.7744,37
"70","屏東縣","內埔鄉","義亭村","屏東縣內埔鄉義亭村",67,13.3053,14
"71","屏東縣","內埔鄉","興南村","屏東縣內埔鄉興南村",394,40.3616,32
"72","屏東縣","車城鄉","後灣村","屏東縣車城鄉後灣村",27.9091,28.4444,28
"73","屏東縣","車城鄉","射寮村","屏東縣車城鄉射寮村",36.5789,40.979,28
"74","屏東縣","車城鄉","新街村","屏東縣車城鄉新街村",7.6667,9.5,9
"75","屏東縣","東港鎮","東隆里","屏東縣東港鎮東隆里",11,14.4918,11
"76","屏東縣","東港鎮","興和里","屏東縣東港鎮興和里",15,20.5533,15
"77","屏東縣","枋寮鄉","內寮村","屏東縣枋寮鄉內寮村",49.9333,56.26,49
"78","屏東縣","枋寮鄉","安樂村","屏東縣枋寮鄉安樂村",67.7778,47.3748,35
"79","屏東縣","枋寮鄉","枋寮村","屏東縣枋寮鄉枋寮村",60.4516,70.8574,53
"80","屏東縣","枋寮鄉","隆山村","屏東縣枋寮鄉隆山村",122.2,128.8779,102
"81","屏東縣","林邊鄉","水利村","屏東縣林邊鄉水利村",23.3846,24.8859,22
"82","屏東縣","林邊鄉","竹林村","屏東縣林邊鄉竹林村",447,40.7019,34
"83","屏東縣","林邊鄉","鎮安村","屏東縣林邊鄉鎮安村",73.3,71.6513,46
"84","屏東縣","屏東市","一心里","屏東縣屏東市一心里",0,0,0
"85","屏東縣","屏東市","大洲里","屏東縣屏東市大洲里",132,22.2064,18
"86","屏東縣","屏東市","永昌里","屏東縣屏東市永昌里",5,4.8445,5
"87","屏東縣","屏東市","玉成里","屏東縣屏東市玉成里",4,3.5948,4
"88","屏東縣","屏東市","和興里","屏東縣屏東市和興里",27,10.5008,8
"89","屏東縣","屏東市","信和里","屏東縣屏東市信和里",599,49.5349,40
"90","屏東縣","屏東市","崇蘭里","屏東縣屏東市崇蘭里",14,16.6271,14
"91","屏東縣","屏東市","勝利里","屏東縣屏東市勝利里",8,8.202,8
"92","屏東縣","屏東市","萬年里","屏東縣屏東市萬年里",9,6,4
"93","屏東縣","屏東市","橋南里","屏東縣屏東市橋南里",99,23.9793,23
"94","屏東縣","屏東市","豐田里","屏東縣屏東市豐田里",9,10.7331,9
"95","屏東縣","屏東市","豐榮里","屏東縣屏東市豐榮里",13,18.9537,13
"96","屏東縣","萬巒鄉","五溝村","屏東縣萬巒鄉五溝村",17.4583,21.1396,18
"97","屏東縣","萬巒鄉","佳佐村","屏東縣萬巒鄉佳佐村",68.8333,72.7789,59
"98","屏東縣","萬巒鄉","泗溝村","屏東縣萬巒鄉泗溝村",29.04,29.1612,27
"99","屏東縣","萬巒鄉","鹿寮村","屏東縣萬巒鄉鹿寮村",32,30.8068,25
"100","屏東縣","潮州鎮","光華里","屏東縣潮州鎮光華里",13,12.7299,13
"101","苗栗縣","三義鄉","西湖村","苗栗縣三義鄉西湖村",19,23.2979,19
"102","苗栗縣","三義鄉","勝興村","苗栗縣三義鄉勝興村",115,23.2048,18
"103","苗栗縣","大湖鄉","南湖村","苗栗縣大湖鄉南湖村",2,1.3333,2
"104","苗栗縣","大湖鄉","栗林村","苗栗縣大湖鄉栗林村",3,2.6472,3
"105","苗栗縣","大湖鄉","靜湖村","苗栗縣大湖鄉靜湖村",2.3333,3.5004,3
"106","苗栗縣","西湖鄉","二湖村","苗栗縣西湖鄉二湖村",11,15.9629,11
"107","苗栗縣","西湖鄉","湖東村","苗栗縣西湖鄉湖東村",23,30.9574,23
"108","苗栗縣","苑裡鎮","苑東里","苗栗縣苑裡鎮苑東里",15,20.5533,15
"109","苗栗縣","苑裡鎮","苑南里","苗栗縣苑裡鎮苑南里",8,11.4074,8
"110","苗栗縣","通霄鎮","內島里","苗栗縣通霄鎮內島里",18,8.535,6
"111","苗栗縣","通霄鎮","坪頂里","苗栗縣通霄鎮坪頂里",11,17.8571,11
"112","苗栗縣","通霄鎮","南和里","苗栗縣通霄鎮南和里",9,11.3021,9
"113","苗栗縣","通霄鎮","福興里","苗栗縣通霄鎮福興里",16,17.2191,16
"114","苗栗縣","頭份市","斗煥里","苗栗縣頭份市斗煥里",4,3.5948,4
"115","苗栗縣","頭份市","民族里","苗栗縣頭份市民族里",0,0,0
"116","苗栗縣","頭份市","民權里","苗栗縣頭份市民權里",2,2,2
"117","苗栗縣","頭份市","和平里","苗栗縣頭份市和平里",2,2,2
"118","苗栗縣","頭份市","珊湖里","苗栗縣頭份市珊湖里",5.1818,5,6
"119","苗栗縣","頭份市","新華里","苗栗縣頭份市新華里",14,7.1242,7
"120","桃園市","八德區","大安里","桃園市八德區大安里",41,53.5737,41
"121","桃園市","八德區","大智里","桃園市八德區大智里",8,10.5008,8
"122","桃園市","八德區","高城里","桃園市八德區高城里",44,13.0012,11
"123","桃園市","八德區","福興里","桃園市八德區福興里",27,32.4028,27
"124","桃園市","八德區","廣興里","桃園市八德區廣興里",32,39.3898,32
"125","桃園市","大園區","圳頭里","桃園市大園區圳頭里",46,53.0137,46
"126","桃園市","大園區","南港里","桃園市大園區南港里",45,56.129,45
"127","桃園市","大園區","溪海里","桃園市大園區溪海里",44,55.2877,44
"128","桃園市","大溪區","田心里","桃園市大溪區田心里",41.5,19.5108,15
"129","桃園市","大溪區","南興里","桃園市大溪區南興里",25,34.7054,25
"130","桃園市","大溪區","僑愛里","桃園市大溪區僑愛里",10,11.2796,10
"131","桃園市","大溪區","興和里","桃園市大溪區興和里",13,17.5801,13
"132","桃園市","中壢區","中正里","桃園市中壢區中正里",13,5.4006,5
"133","桃園市","中壢區","石頭里","桃園市中壢區石頭里",5,5.5504,5
"134","桃園市","中壢區","自信里","桃園市中壢區自信里",6,7.8012,6
"135","桃園市","中壢區","忠孝里","桃園市中壢區忠孝里",12,15.777,12
"136","桃園市","中壢區","金華里","桃園市中壢區金華里",49,12.5813,11
"137","桃園市","中壢區","普仁里","桃園市中壢區普仁里",1,1,1
"138","桃園市","平鎮區","新榮里","桃園市平鎮區新榮里",7,8.1122,7
"139","桃園市","平鎮區","廣仁里","桃園市平鎮區廣仁里",17,16.369,17
"140","桃園市","平鎮區","廣興里","桃園市平鎮區廣興里",6,5.7734,6
"141","桃園市","平鎮區","龍興里","桃園市平鎮區龍興里",2,1.3333,2
"142","桃園市","平鎮區","雙連里","桃園市平鎮區雙連里",57,72.3676,57
"143","桃園市","桃園區","文明里","桃園市桃園區文明里",2,2,2
"144","桃園市","桃園區","民生里","桃園市桃園區民生里",7,8.8891,7
"145","桃園市","桃園區","成功里","桃園市桃園區成功里",1,1,1
"146","桃園市","桃園區","忠義里","桃園市桃園區忠義里",27,15.5168,13
"147","桃園市","桃園區","長安里","桃園市桃園區長安里",6.25,7.8097,6
"148","桃園市","桃園區","青溪里","桃園市桃園區青溪里",18.6667,13.0012,11
"149","桃園市","桃園區","南門里","桃園市桃園區南門里",8,11.6675,8
"150","桃園市","桃園區","春日里","桃園市桃園區春日里",12.3846,16.2871,13
"151","桃園市","桃園區","慈文里","桃園市桃園區慈文里",7,7.7636,7
"152","桃園市","桃園區","萬壽里","桃園市桃園區萬壽里",3,2.2857,3
"153","桃園市","桃園區","寶山里","桃園市桃園區寶山里",2,2.1111,2
"154","桃園市","新屋區","大坡里","桃園市新屋區大坡里",21,31.057,21
"155","桃園市","新屋區","望間里","桃園市新屋區望間里",24,22.7838,24
"156","桃園市","新屋區","清華里","桃園市新屋區清華里",42,59.9661,42
"157","桃園市","新屋區","新生里","桃園市新屋區新生里",13,14.3628,13
"158","桃園市","龜山區","公西里","桃園市龜山區公西里",23.2222,31.2662,27
"159","桃園市","龜山區","兔坑里","桃園市龜山區兔坑里",157.3,91.2623,60
"160","桃園市","龜山區","幸福里","桃園市龜山區幸福里",31.5,18.8363,19
"161","桃園市","龜山區","南美里","桃園市龜山區南美里",23.2,30.3451,24
"162","桃園市","龜山區","龍壽里","桃園市龜山區龍壽里",50.6296,62.9303,47
"163","高雄市","三民區","千北里","高雄市三民區千北里",2,2,2
"164","高雄市","三民區","安生里","高雄市三民區安生里",42,16.7368,16
"165","高雄市","三民區","裕民里","高雄市三民區裕民里",9,8.8598,9
"166","高雄市","三民區","鼎強里","高雄市三民區鼎強里",47,17.1572,11
"167","高雄市","三民區","灣復里","高雄市三民區灣復里",1,1,1
"168","高雄市","大樹區","久堂里","高雄市大樹區久堂里",4,4.6954,4
"169","高雄市","大樹區","大坑里","高雄市大樹區大坑里",53,15.3337,11
"170","高雄市","大樹區","檨腳里","高雄市大樹區檨腳里",13,15.8907,13
"171","高雄市","內門區","內門里","高雄市內門區內門里",152,25.2564,19
"172","高雄市","內門區","內南里","高雄市內門區內南里",53,26.4129,22
"173","高雄市","左營區","尾北里","高雄市左營區尾北里",88.1765,66.903,51
"174","高雄市","左營區","新上里","高雄市左營區新上里",89,33.071,26
"175","高雄市","左營區","聖南里","高雄市左營區聖南里",2,3.2507,2
"176","高雄市","永安區","永華里","高雄市永安區永華里",145.6,88.8313,71
"177","高雄市","永安區","新港里","高雄市永安區新港里",151.75,91.7018,91
"178","高雄市","杉林區","大愛里","高雄市杉林區大愛里",30,39.9265,30
"179","高雄市","杉林區","月美里","高雄市杉林區月美里",228,32.4325,24
"180","高雄市","林園區","中厝里","高雄市林園區中厝里",31.1875,35.6811,31
"181","高雄市","林園區","東汕里","高雄市林園區東汕里",16.8,17.2613,15
"182","高雄市","林園區","頂厝里","高雄市林園區頂厝里",29,12.8913,13
"183","高雄市","前金區","文東里","高雄市前金區文東里",0,0,0
"184","高雄市","前鎮區","明孝里","高雄市前鎮區明孝里",53.4,45.9281,43
"185","高雄市","前鎮區","振興里","高雄市前鎮區振興里",9.25,9.4699,10
"186","高雄市","前鎮區","瑞北里","高雄市前鎮區瑞北里",5,5.0532,5
"187","高雄市","前鎮區","瑞昌里","高雄市前鎮區瑞昌里",7.3333,6.8719,7
"188","高雄市","前鎮區","鎮昌里","高雄市前鎮區鎮昌里",12,15.5355,12
"189","高雄市","美濃區","中壇里","高雄市美濃區中壇里",217,30.3346,23
"190","高雄市","美濃區","清水里","高雄市美濃區清水里",38,15.9609,13
"191","高雄市","美濃區","福安里","高雄市美濃區福安里",19,26.7531,19
"192","高雄市","苓雅區","正義里","高雄市苓雅區正義里",6.25,8.1576,7
"193","高雄市","苓雅區","林中里","高雄市苓雅區林中里",3,3.0868,3
"194","高雄市","苓雅區","林西里","高雄市苓雅區林西里",1,1,1
"195","高雄市","苓雅區","林貴里","高雄市苓雅區林貴里",15,6.0373,6
"196","高雄市","苓雅區","美田里","高雄市苓雅區美田里",0,0,0
"197","高雄市","苓雅區","凱旋里","高雄市苓雅區凱旋里",0,0,0
"198","高雄市","苓雅區","福隆里","高雄市苓雅區福隆里",1,1,1
"199","高雄市","新興區","文昌里","高雄市新興區文昌里",0,0,0
"200","高雄市","新興區","永寧里","高雄市新興區永寧里",3,3.6664,3
"201","高雄市","新興區","玉衡里","高雄市新興區玉衡里",4,4.2436,4
"202","高雄市","楠梓區","中陽里","高雄市楠梓區中陽里",24.5385,25.9979,20
"203","高雄市","楠梓區","裕昌里","高雄市楠梓區裕昌里",2.6,6.8051,5
"204","高雄市","楠梓區","錦屏里","高雄市楠梓區錦屏里",24,25.8277,19
"205","高雄市","鼓山區","光化里","高雄市鼓山區光化里",27,26.2294,27
"206","高雄市","鼓山區","新民里","高雄市鼓山區新民里",3,3.0868,3
"207","高雄市","鼓山區","龍井里","高雄市鼓山區龍井里",11,12.9135,11
"208","高雄市","旗津區","北汕里","高雄市旗津區北汕里",32,30.2932,32
"209","高雄市","鳳山區","和德里","高雄市鳳山區和德里",7,8.6939,7
"210","高雄市","鳳山區","忠義里","高雄市鳳山區忠義里",2.0002,2.0002,2
"211","高雄市","鳳山區","武漢里","高雄市鳳山區武漢里",1,1,1
"212","高雄市","鳳山區","新武里","高雄市鳳山區新武里",2,2,2
"213","高雄市","鳳山區","鳳崗里","高雄市鳳山區鳳崗里",0,0,0
"214","高雄市","橋頭區","仕豐里","高雄市橋頭區仕豐里",10,10.0898,10
"215","高雄市","橋頭區","新莊里","高雄市橋頭區新莊里",101.6667,68.5487,55
"216","高雄市","橋頭區","橋南里","高雄市橋頭區橋南里",83.2,74.2283,39
"217","高雄市","鹽埕區","中原里","高雄市鹽埕區中原里",3,3.5004,3
"218","高雄市","鹽埕區","育仁里","高雄市鹽埕區育仁里",1.0001,1.0001,1
"219","高雄市","鹽埕區","河濱里","高雄市鹽埕區河濱里",29,9.9509,8
"220","高雄市","鹽埕區","陸橋里","高雄市鹽埕區陸橋里",2,2,2
"221","基隆市","七堵區","堵北里","基隆市七堵區堵北里",61.6667,28.2962,21
"222","基隆市","中山區","中興里","基隆市中山區中興里",30.5,13.4,12
"223","基隆市","中山區","仁正里","基隆市中山區仁正里",7,9.2678,7
"224","基隆市","中山區","居仁里","基隆市中山區居仁里",20,24.4514,20
"225","基隆市","中山區","通化里","基隆市中山區通化里",64,21.9804,18
"226","基隆市","中正區","中砂里","基隆市中正區中砂里",14.5556,16.376,13
"227","基隆市","中正區","平寮里","基隆市中正區平寮里",9.1667,10.9576,9
"228","基隆市","中正區","正砂里","基隆市中正區正砂里",38,19.8226,10
"229","基隆市","中正區","砂灣里","基隆市中正區砂灣里",294,41.535,30
"230","基隆市","仁愛區","吉仁里","基隆市仁愛區吉仁里",75,25.9111,24
"231","基隆市","仁愛區","書院里","基隆市仁愛區書院里",16,22.0414,16
"232","基隆市","安樂區","五福里","基隆市安樂區五福里",14,18.6714,14
"233","基隆市","信義區","東明里","基隆市信義區東明里",35.2857,20.8395,21
"234","基隆市","暖暖區","暖西里","基隆市暖暖區暖西里",558,47.7599,37
"235","連江縣","南竿鄉","四維村","連江縣南竿鄉四維村",0,0,0
"236","連江縣","南竿鄉","復興村","連江縣南竿鄉復興村",0,0,0
"237","雲林縣","口湖鄉","崙中村","雲林縣口湖鄉崙中村",77.5556,45.1372,34
"238","雲林縣","口湖鄉","梧北村","雲林縣口湖鄉梧北村",40.5,17.6077,14
"239","雲林縣","口湖鄉","港西村","雲林縣口湖鄉港西村",92,17.9502,16
"240","雲林縣","土庫鎮","大荖里","雲林縣土庫鎮大荖里",1,1,1
"241","雲林縣","土庫鎮","忠正里","雲林縣土庫鎮忠正里",2,2.1111,2
"242","雲林縣","土庫鎮","溪邊里","雲林縣土庫鎮溪邊里",20.8889,24.0875,16
"243","雲林縣","土庫鎮","奮起里","雲林縣土庫鎮奮起里",9.6667,10.0445,11
"244","雲林縣","土庫鎮","興新里","雲林縣土庫鎮興新里",31,11.7448,9
"245","雲林縣","元長鄉","合和村","雲林縣元長鄉合和村",0,0,0
"246","雲林縣","元長鄉","卓運村","雲林縣元長鄉卓運村",1,1,1
"247","雲林縣","元長鄉","頂寮村","雲林縣元長鄉頂寮村",3,3,3
"248","雲林縣","斗南鎮","大東里","雲林縣斗南鎮大東里",45,11.6478,10
"249","雲林縣","斗南鎮","北銘里","雲林縣斗南鎮北銘里",9,9.8749,9
"250","雲林縣","斗南鎮","東仁里","雲林縣斗南鎮東仁里",6.5,5.2278,4
"251","雲林縣","斗南鎮","阿丹里","雲林縣斗南鎮阿丹里",43.1667,24.6941,20
"252","雲林縣","斗南鎮","南昌里","雲林縣斗南鎮南昌里",32,17.3437,11
"253","雲林縣","斗南鎮","舊社里","雲林縣斗南鎮舊社里",3,3.2,3
"254","雲林縣","水林鄉","松西村","雲林縣水林鄉松西村",45.3333,25.0677,25
"255","雲林縣","水林鄉","塭底村","雲林縣水林鄉塭底村",15.6364,14.3075,14
"256","雲林縣","水林鄉","蕃薯村","雲林縣水林鄉蕃薯村",11.1818,15.5557,12
"257","雲林縣","水林鄉","灣西村","雲林縣水林鄉灣西村",11.6667,13.9487,9
"258","雲林縣","林內鄉","坪頂村","雲林縣林內鄉坪頂村",38.0455,42.2624,32
"259","雲林縣","林內鄉","林北村","雲林縣林內鄉林北村",128.1667,53.4324,39
"260","雲林縣","林內鄉","林茂村","雲林縣林內鄉林茂村",32.5455,24.3423,21
"261","雲林縣","虎尾鎮","中山里","雲林縣虎尾鎮中山里",14.2,10.5935,10
"262","雲林縣","虎尾鎮","立仁里","雲林縣虎尾鎮立仁里",27,9.381,8
"263","雲林縣","虎尾鎮","堀頭里","雲林縣虎尾鎮堀頭里",4,6.0716,4
"264","新北市","三芝區","古庄里","新北市三芝區古庄里",147,22.2704,19
"265","新北市","三芝區","店子里","新北市三芝區店子里",12,14.9532,12
"266","新北市","三芝區","橫山里","新北市三芝區橫山里",14,16.6047,14
"267","新北市","三芝區","錫板里","新北市三芝區錫板里",159,37.2879,27
"268","新北市","三重區","五福里","新北市三重區五福里",1,1,1
"269","新北市","三重區","六福里","新北市三重區六福里",5,5.6408,5
"270","新北市","三重區","文化里","新北市三重區文化里",1,1,1
"271","新北市","三重區","永安里","新北市三重區永安里",1.5,2.1111,2
"272","新北市","三重區","永豐里","新北市三重區永豐里",5,6.5999,5
"273","新北市","三重區","幸福里","新北市三重區幸福里",16.5,9.8749,9
"274","新北市","三重區","信安里","新北市三重區信安里",0,0,0
"275","新北市","三重區","培德里","新北市三重區培德里",3,3.5004,3
"276","新北市","三重區","萬壽里","新北市三重區萬壽里",1,1,1
"277","新北市","三重區","福星里","新北市三重區福星里",0,0,0
"278","新北市","中和區","仁和里","新北市中和區仁和里",0,0,0
"279","新北市","中和區","文元里","新北市中和區文元里",0,1,1
"280","新北市","中和區","安平里","新北市中和區安平里",8,8,8
"281","新北市","中和區","秀成里","新北市中和區秀成里",6,6.8178,6
"282","新北市","中和區","秀景里","新北市中和區秀景里",14,14.2858,14
"283","新北市","中和區","秀義里","新北市中和區秀義里",0,0,0
"284","新北市","中和區","冠穗里","新北市中和區冠穗里",2,1.3333,2
"285","新北市","中和區","南山里","新北市中和區南山里",1,1,1
"286","新北市","中和區","連城里","新北市中和區連城里",2,2,2
"287","新北市","中和區","頂南里","新北市中和區頂南里",1,1,1
"288","新北市","中和區","景南里","新北市中和區景南里",0,0,0
"289","新北市","中和區","華南里","新北市中和區華南里",2,2.1111,2
"290","新北市","中和區","華新里","新北市中和區華新里",7,8.9986,7
"291","新北市","中和區","漳和里","新北市中和區漳和里",0,0,0
"292","新北市","中和區","興南里","新北市中和區興南里",2,2,2
"293","新北市","平溪區","平湖里","新北市平溪區平湖里",19.4,23.4928,21
"294","新北市","平溪區","南山里","新北市平溪區南山里",9.5625,9.5211,10
"295","新北市","平溪區","望古里","新北市平溪區望古里",9.3333,13.7978,10
"296","新北市","平溪區","嶺腳里","新北市平溪區嶺腳里",33.697,34.8229,31
"297","新北市","永和區","民族里","新北市永和區民族里",2,2,2
"298","新北市","永和區","永元里","新北市永和區永元里",0,0,0
"299","新北市","永和區","桂林里","新北市永和區桂林里",3,3.0003,3
"300","新北市","石碇區","中民里","新北市石碇區中民里",71,29.3634,24
"301","新北市","石碇區","永定里","新北市石碇區永定里",18,24.2802,18
"302","新北市","石碇區","光明里","新北市石碇區光明里",18,22.1952,18
"303","新北市","石碇區","潭邊里","新北市石碇區潭邊里",259,29.5386,25
"304","新北市","汐止區","秀山里","新北市汐止區秀山里",10,12.7585,10
"305","新北市","汐止區","厚德里","新北市汐止區厚德里",11,15.4544,11
"306","新北市","汐止區","復興里","新北市汐止區復興里",19.3333,22.8644,16
"307","新北市","汐止區","鄉長里","新北市汐止區鄉長里",23,28.482,23
"308","新北市","汐止區","樟樹里","新北市汐止區樟樹里",16,15.27,16
"309","新北市","汐止區","橋東里","新北市汐止區橋東里",15.5,13.9064,8
"310","新北市","汐止區","環河里","新北市汐止區環河里",17,7.1242,7
"311","新北市","汐止區","禮門里","新北市汐止區禮門里",6,4.569,5
"312","新北市","板橋區","介壽里","新北市板橋區介壽里",1,1,1
"313","新北市","板橋區","永安里","新北市板橋區永安里",3,3.5004,3
"314","新北市","板橋區","松柏里","新北市板橋區松柏里",6.3333,9.5027,6
"315","新北市","板橋區","華江里","新北市板橋區華江里",1,1,1
"316","新北市","板橋區","福星里","新北市板橋區福星里",1.0001,1.0001,1
"317","新北市","板橋區","懷翠里","新北市板橋區懷翠里",14,16.5851,14
"318","新北市","淡水區","屯山里","新北市淡水區屯山里",22,31.0557,22
"319","新北市","淡水區","正德里","新北市淡水區正德里",10,15.79,10
"320","新北市","淡水區","崁頂里","新北市淡水區崁頂里",169.5,38.5794,31
"321","新北市","淡水區","新義里","新北市淡水區新義里",3,3.9997,3
"322","新北市","淡水區","學府里","新北市淡水區學府里",8,8.9751,8
"323","新北市","淡水區","興仁里","新北市淡水區興仁里",71,15.2835,14
"324","新北市","深坑區","埔新里","新北市深坑區埔新里",12,16.7768,12
"325","新北市","深坑區","萬福里","新北市深坑區萬福里",12,15.6113,12
"326","新北市","新店區","大豐里","新北市新店區大豐里",3,3.5004,3
"327","新北市","新店區","屈尺里","新北市新店區屈尺里",97.6667,35.4219,26
"328","新北市","新店區","忠孝里","新北市新店區忠孝里",0,0,0
"329","新北市","新店區","明德里","新北市新店區明德里",0,0,0
"330","新北市","新店區","香坡里","新北市新店區香坡里",18,10.5327,10
"331","新北市","新店區","員潭里","新北市新店區員潭里",31,41.8141,31
"332","新北市","新店區","柴埕里","新北市新店區柴埕里",132,23.2287,18
"333","新北市","新店區","新德里","新北市新店區新德里",1,1,1
"334","新北市","新店區","德安里","新北市新店區德安里",139.5,43.3182,40
"335","新北市","新店區","寶安里","新北市新店區寶安里",0,0,0
"336","新北市","新莊區","八德里","新北市新莊區八德里",0,0,0
"337","新北市","新莊區","中宏里","新北市新莊區中宏里",1,1,1
"338","新北市","新莊區","文聖里","新北市新莊區文聖里",2,3.2507,2
"339","新北市","新莊區","四維里","新北市新莊區四維里",2,2,2
"340","新北市","新莊區","立人里","新北市新莊區立人里",1,1,1
"341","新北市","新莊區","光明里","新北市新莊區光明里",5,5.5713,5
"342","新北市","新莊區","和平里","新北市新莊區和平里",2,2,2
"343","新北市","新莊區","後港里","新北市新莊區後港里",4,3.5004,3
"344","新北市","新莊區","後德里","新北市新莊區後德里",12,15.6025,12
"345","新北市","新莊區","思源里","新北市新莊區思源里",10.5,7.2234,6
"346","新北市","新莊區","思賢里","新北市新莊區思賢里",4,4.1333,4
"347","新北市","新莊區","榮和里","新北市新莊區榮和里",6.5,4.1332,5
"348","新北市","新莊區","頭前里","新北市新莊區頭前里",7,7.6774,7
"349","新北市","蘆洲區","永康里","新北市蘆洲區永康里",0,2,2
"350","新北市","蘆洲區","保佑里","新北市蘆洲區保佑里",2.5,4.2596,4
"351","新北市","蘆洲區","得仁里","新北市蘆洲區得仁里",19,11.1545,11
"352","新北市","蘆洲區","樹德里","新北市蘆洲區樹德里",2,4.8191,4
"353","新北市","鶯歌區","北鶯里","新北市鶯歌區北鶯里",8,9.3755,8
"354","新北市","鶯歌區","尖山里","新北市鶯歌區尖山里",10.5,6.9715,6
"355","新北市","鶯歌區","鳳鳴里","新北市鶯歌區鳳鳴里",26,8.5574,9
"356","新竹市","北區","中山里","新竹市北區中山里",1,1,1
"357","新竹市","北區","北門里","新竹市北區北門里",1,1,1
"358","新竹市","北區","石坊里","新竹市北區石坊里",3,3.5004,3
"359","新竹市","北區","武陵里","新竹市北區武陵里",1,1,1
"360","新竹市","北區","長和里","新竹市北區長和里",2,3.2507,2
"361","新竹市","北區","康樂里","新竹市北區康樂里",6,7.2234,6
"362","新竹市","北區","湳雅里","新竹市北區湳雅里",3,3.0868,3
"363","新竹市","北區","磐石里","新竹市北區磐石里",6.6,6.1063,6
"364","新竹市","東區","下竹里","新竹市東區下竹里",6,7.525,6
"365","新竹市","東區","中正里","新竹市東區中正里",6,7,6
"366","新竹市","東區","光明里","新竹市東區光明里",259,28.863,26
"367","新竹市","東區","東門里","新竹市東區東門里",2,2,2
"368","新竹市","東區","東勢里","新竹市東區東勢里",22.5,11.3926,9
"369","新竹市","東區","東園里","新竹市東區東園里",49,11.4644,11
"370","新竹市","東區","金山里","新竹市東區金山里",25.75,15.8681,14
"371","新竹市","東區","新莊里","新竹市東區新莊里",6,6.4,6
"372","新竹市","東區","龍山里","新竹市東區龍山里",8,10.2566,8
"373","新竹市","東區","關東里","新竹市東區關東里",39,11.732,9
"374","新竹市","東區","關新里","新竹市東區關新里",1,1,1
"375","新竹縣","竹北市","大義里","新竹縣竹北市大義里",15,18.4733,15
"376","新竹縣","竹北市","中興里","新竹縣竹北市中興里",3,3.0003,3
"377","新竹縣","竹北市","尚義里","新竹縣竹北市尚義里",15,19.0853,15
"378","新竹縣","竹北市","東興里","新竹縣竹北市東興里",3,3.0868,3
"379","新竹縣","竹北市","新國里","新竹縣竹北市新國里",4,6,4
"380","新竹縣","竹北市","聯興里","新竹縣竹北市聯興里",17,20.0324,17
"381","新竹縣","竹東鎮","仁愛里","新竹縣竹東鎮仁愛里",2,2.2499,2
"382","新竹縣","竹東鎮","竹東里","新竹縣竹東鎮竹東里",1,1,1
"383","新竹縣","竹東鎮","柯湖里","新竹縣竹東鎮柯湖里",185,24.8799,21
"384","新竹縣","竹東鎮","商華里","新竹縣竹東鎮商華里",4,4.1333,4
"385","新竹縣","竹東鎮","陸豐里","新竹縣竹東鎮陸豐里",8,7.0855,8
"386","新竹縣","湖口鄉","和興村","新竹縣湖口鄉和興村",40,59.4849,40
"387","新竹縣","湖口鄉","波羅村","新竹縣湖口鄉波羅村",15,18.1164,15
"388","新竹縣","湖口鄉","長安村","新竹縣湖口鄉長安村",15,21.0753,15
"389","新竹縣","湖口鄉","長嶺村","新竹縣湖口鄉長嶺村",26,32.9353,26
"390","新竹縣","新埔鎮","五埔里","新竹縣新埔鎮五埔里",13,16.8545,13
"391","新竹縣","新埔鎮","巨埔里","新竹縣新埔鎮巨埔里",7,10.1665,7
"392","新竹縣","新埔鎮","照門里","新竹縣新埔鎮照門里",16,21.5995,16
"393","新竹縣","橫山鄉","新興村","新竹縣橫山鄉新興村",24,33.9755,24
"394","新竹縣","橫山鄉","豐田村","新竹縣橫山鄉豐田村",25,30.6383,25
"395","新竹縣","關西鎮","玉山里","新竹縣關西鎮玉山里",13,17.9153,13
"396","新竹縣","關西鎮","東平里","新竹縣關西鎮東平里",11,11.4503,11
"397","新竹縣","關西鎮","南和里","新竹縣關西鎮南和里",15,21.0753,15
"398","嘉義市","西區","車店里","嘉義市西區車店里",6,6.84,6
"399","嘉義市","西區","保生里","嘉義市西區保生里",3,3.0003,3
"400","嘉義市","西區","致遠里","嘉義市西區致遠里",3,3,3
"401","嘉義市","西區","香湖里","嘉義市西區香湖里",3,2.8999,3
"402","嘉義市","西區","福安里","嘉義市西區福安里",5,5.5504,5
"403","嘉義市","西區","劉厝里","嘉義市西區劉厝里",4,6,4
"404","嘉義市","東區","文雅里","嘉義市東區文雅里",10.2,14.1416,11
"405","嘉義市","東區","北門里","嘉義市東區北門里",7,8.099,7
"406","嘉義市","東區","安業里","嘉義市東區安業里",18,18.213,18
"407","嘉義市","東區","東興里","嘉義市東區東興里",17,18.5609,17
"408","嘉義市","東區","頂庄里","嘉義市東區頂庄里",37.0435,32.1703,30
"409","嘉義市","東區","興仁里","嘉義市東區興仁里",43,60.5122,43
"410","嘉義市","東區","豐年里","嘉義市東區豐年里",7,7.8327,7
"411","嘉義縣","大林鎮","三村里","嘉義縣大林鎮三村里",4,5.7274,4
"412","嘉義縣","大林鎮","三角里","嘉義縣大林鎮三角里",35.6087,44.0694,31
"413","嘉義縣","大林鎮","三和里","嘉義縣大林鎮三和里",6,7.7083,6
"414","嘉義縣","大林鎮","內林里","嘉義縣大林鎮內林里",37.25,30.3346,23
"415","嘉義縣","太保市","東勢里","嘉義縣太保市東勢里",50.5,20.5584,18
"416","嘉義縣","太保市","後庄里","嘉義縣太保市後庄里",69,18.2554,14
"417","嘉義縣","太保市","春珠里","嘉義縣太保市春珠里",144.5,32.4658,26
"418","嘉義縣","水上鄉","三鎮村","嘉義縣水上鄉三鎮村",15,13.7844,15
"419","嘉義縣","水上鄉","內溪村","嘉義縣水上鄉內溪村",119,19.7071,18
"420","嘉義縣","水上鄉","柳鄉村","嘉義縣水上鄉柳鄉村",11,10.4995,11
"421","嘉義縣","水上鄉","塗溝村","嘉義縣水上鄉塗溝村",27.75,29.5628,18
"422","嘉義縣","布袋鎮","永安里","嘉義縣布袋鎮永安里",2844.5,152.1045,124
"423","嘉義縣","布袋鎮","江山里","嘉義縣布袋鎮江山里",44,51.6184,44
"424","嘉義縣","布袋鎮","西安里","嘉義縣布袋鎮西安里",39,50.9385,39
"425","嘉義縣","布袋鎮","振寮里","嘉義縣布袋鎮振寮里",1730,76.4599,68
"426","嘉義縣","東石鄉","洲仔村","嘉義縣東石鄉洲仔村",655,55.8489,41
"427","嘉義縣","東石鄉","港墘村","嘉義縣東石鄉港墘村",168,29.6168,29
"428","嘉義縣","東石鄉","塭港村","嘉義縣東石鄉塭港村",33,14.8619,16
"429","嘉義縣","東石鄉","鰲鼓村","嘉義縣東石鄉鰲鼓村",1721,192.9002,138
"430","嘉義縣","番路鄉","大湖村","嘉義縣番路鄉大湖村",38.6875,36.6201,30
"431","嘉義縣","番路鄉","觸口村","嘉義縣番路鄉觸口村",137.1538,73.6642,62
"432","嘉義縣","新港鄉","大潭村","嘉義縣新港鄉大潭村",15,21.6502,15
"433","嘉義縣","新港鄉","中洋村","嘉義縣新港鄉中洋村",63.3333,31.014,27
"434","嘉義縣","新港鄉","宮前村","嘉義縣新港鄉宮前村",275,33.3744,26
"435","嘉義縣","新港鄉","潭大村","嘉義縣新港鄉潭大村",24,27.121,22
"436","彰化縣","永靖鄉","永北村","彰化縣永靖鄉永北村",33,14.9467,12
"437","彰化縣","永靖鄉","永南村","彰化縣永靖鄉永南村",44,14.5764,10
"438","彰化縣","永靖鄉","永興村","彰化縣永靖鄉永興村",12,14.2486,12
"439","彰化縣","田中鎮","大崙里","彰化縣田中鎮大崙里",17,19.2019,17
"440","彰化縣","田中鎮","北路里","彰化縣田中鎮北路里",38,16.3164,13
"441","彰化縣","田中鎮","龍潭里","彰化縣田中鎮龍潭里",3,3,3
"442","彰化縣","和美鎮","中圍里","彰化縣和美鎮中圍里",44.5,18.7985,15
"443","彰化縣","和美鎮","好修里","彰化縣和美鎮好修里",8,11.1902,8
"444","彰化縣","和美鎮","雅溝里","彰化縣和美鎮雅溝里",11,9.8749,9
"445","彰化縣","和美鎮","塗厝里","彰化縣和美鎮塗厝里",5,5.7606,5
"446","彰化縣","和美鎮","頭前里","彰化縣和美鎮頭前里",73,18.9372,13
"447","彰化縣","社頭鄉","協和村","彰化縣社頭鄉協和村",46,13.0012,11
"448","彰化縣","社頭鄉","橋頭村","彰化縣社頭鄉橋頭村",10,8.281,7
"449","彰化縣","社頭鄉","舊社村","彰化縣社頭鄉舊社村",16,21.8995,16
"450","彰化縣","芬園鄉","楓坑村","彰化縣芬園鄉楓坑村",142.2857,48.1535,46
"451","彰化縣","芬園鄉","溪頭村","彰化縣芬園鄉溪頭村",2,2.1111,2
"452","彰化縣","芬園鄉","舊社村","彰化縣芬園鄉舊社村",144,24.768,19
"453","彰化縣","花壇鄉","文德村","彰化縣花壇鄉文德村",18,12.3944,10
"454","彰化縣","花壇鄉","永春村","彰化縣花壇鄉永春村",151,26.2727,19
"455","彰化縣","花壇鄉","崙雅村","彰化縣花壇鄉崙雅村",22.6,18.5335,15
"456","彰化縣","溪州鄉","三條村","彰化縣溪州鄉三條村",31,10.2566,8
"457","彰化縣","溪州鄉","水尾村","彰化縣溪州鄉水尾村",20,22.0552,20
"458","彰化縣","溪州鄉","柑園村","彰化縣溪州鄉柑園村",2,2.1111,2
"459","彰化縣","溪州鄉","張厝村","彰化縣溪州鄉張厝村",8,11.1053,8
"460","彰化縣","彰化市","大同里","彰化縣彰化市大同里",3,3.2,3
"461","彰化縣","彰化市","中正里","彰化縣彰化市中正里",4,5.5006,4
"462","彰化縣","彰化市","中庄里","彰化縣彰化市中庄里",220,26.3541,25
"463","彰化縣","彰化市","台鳳里","彰化縣彰化市台鳳里",73.5,33.5537,33
"464","彰化縣","彰化市","向陽里","彰化縣彰化市向陽里",13,17.8594,13
"465","彰化縣","彰化市","南瑤里","彰化縣彰化市南瑤里",9,8.5327,9
"466","彰化縣","彰化市","桃源里","彰化縣彰化市桃源里",40,13.4526,12
"467","彰化縣","彰化市","華北里","彰化縣彰化市華北里",9,9.9987,9
"468","彰化縣","彰化市","彰安里","彰化縣彰化市彰安里",4,5.1108,4
"469","彰化縣","彰化市","福安里","彰化縣彰化市福安里",2.0002,2.0002,2
"470","彰化縣","彰化市","興北里","彰化縣彰化市興北里",1,1,1
"471","彰化縣","福興鄉","三汴村","彰化縣福興鄉三汴村",5,5.3004,5
"472","彰化縣","福興鄉","大崙村","彰化縣福興鄉大崙村",115,19.2019,17
"473","彰化縣","福興鄉","頂粘村","彰化縣福興鄉頂粘村",27,34.6519,27
"474","彰化縣","福興鄉","橋頭村","彰化縣福興鄉橋頭村",25,31.0749,25
"475","彰化縣","線西鄉","下犁村","彰化縣線西鄉下犁村",7,7.7227,7
"476","彰化縣","線西鄉","頂庄村","彰化縣線西鄉頂庄村",7,10.9506,7
"477","臺中市","大肚區","大東里","臺中市大肚區大東里",11,11.9299,11
"478","臺中市","大肚區","王田里","臺中市大肚區王田里",86.1429,46.3289,33
"479","臺中市","大肚區","永和里","臺中市大肚區永和里",6,8.2716,6
"480","臺中市","大肚區","永順里","臺中市大肚區永順里",2,2.6665,2
"481","臺中市","大里區","日新里","臺中市大里區日新里",18.5,10.7422,9
"482","臺中市","大里區","健民里","臺中市大里區健民里",404,89.642,69
"483","臺中市","大里區","國光里","臺中市大里區國光里",8,11.7606,8
"484","臺中市","北屯區","三光里","臺中市北屯區三光里",9,10.5307,10
"485","臺中市","北屯區","三和里","臺中市北屯區三和里",3,3.0868,3
"486","臺中市","北區","立人里","臺中市北區立人里",5,5.5504,5
"487","臺中市","北區","新北里","臺中市北區新北里",8,3.5457,4
"488","臺中市","北區","樂英里","臺中市北區樂英里",8,11.9976,8
"489","臺中市","北區","錦平里","臺中市北區錦平里",7,7.286,7
"490","臺中市","北區","錦村里","臺中市北區錦村里",2,2,2
"491","臺中市","后里區","后里里","臺中市后里區后里里",4.6,4.8943,4
"492","臺中市","后里區","義里里","臺中市后里區義里里",0,0,0
"493","臺中市","后里區","墩南里","臺中市后里區墩南里",5,5,5
"494","臺中市","后里區","聯合里","臺中市后里區聯合里",1,1,1
"495","臺中市","西屯區","大石里","臺中市西屯區大石里",3,1.8,2
"496","臺中市","西屯區","永安里","臺中市西屯區永安里",29.9231,33.8644,23
"497","臺中市","西屯區","西安里","臺中市西屯區西安里",3,3,3
"498","臺中市","西屯區","福和里","臺中市西屯區福和里",7,9.3317,7
"499","臺中市","西屯區","福恩里","臺中市西屯區福恩里",3,3.9995,3
"500","臺中市","西屯區","福瑞里","臺中市西屯區福瑞里",23.3636,20.5456,19
"501","臺中市","西區","三民里","臺中市西區三民里",1.2,3,3
"502","臺中市","西區","公民里","臺中市西區公民里",3,3.0003,3
"503","臺中市","西區","公德里","臺中市西區公德里",4,3.6,4
"504","臺中市","東區","富台里","臺中市東區富台里",6,7.0008,6
"505","臺中市","東區","樂成里","臺中市東區樂成里",4,5.2,4
"506","臺中市","東勢區","下新里","臺中市東勢區下新里",6,4.2596,4
"507","臺中市","東勢區","明正里","臺中市東勢區明正里",34.6667,35.0515,29
"508","臺中市","東勢區","泰昌里","臺中市東勢區泰昌里",17.9091,20.5403,16
"509","臺中市","東勢區","泰興里","臺中市東勢區泰興里",11.75,9.8749,9
"510","臺中市","東勢區","詒福里","臺中市東勢區詒福里",10.5385,13.6262,10
"511","臺中市","東勢區","廣興里","臺中市東勢區廣興里",19.3333,19.0194,17
"512","臺中市","南區","長榮里","臺中市南區長榮里",4,4.0528,4
"513","臺中市","南區","福興里","臺中市南區福興里",6,7.2234,6
"514","臺中市","神岡區","三角里","臺中市神岡區三角里",4,3.5948,4
"515","臺中市","神岡區","北庄里","臺中市神岡區北庄里",25,15.4544,11
"516","臺中市","神岡區","社南里","臺中市神岡區社南里",13,6.7992,5
"517","臺中市","神岡區","神岡里","臺中市神岡區神岡里",17,7.1614,6
"518","臺中市","梧棲區","下寮里","臺中市梧棲區下寮里",13.1111,15.2106,12
"519","臺中市","梧棲區","大村里","臺中市梧棲區大村里",16,21.8995,16
"520","臺中市","梧棲區","文化里","臺中市梧棲區文化里",3.3333,4.2596,4
"521","臺北市","士林區","公館里","臺北市士林區公館里",175,29.3854,21
"522","臺北市","士林區","天壽里","臺北市士林區天壽里",1,1,1
"523","臺北市","士林區","忠誠里","臺北市士林區忠誠里",0,0,0
"524","臺北市","士林區","社園里","臺北市士林區社園里",52,12.9135,11
"525","臺北市","士林區","葫東里","臺北市士林區葫東里",5,6.7701,5
"526","臺北市","大同區","民權里","臺北市大同區民權里",0,0,0
"527","臺北市","大同區","玉泉里","臺北市大同區玉泉里",8.8,10.4029,8
"528","臺北市","大同區","建功里","臺北市大同區建功里",0,0,0
"529","臺北市","大同區","景星里","臺北市大同區景星里",0,1,1
"530","臺北市","大安區","正聲里","臺北市大安區正聲里",0,0,0
"531","臺北市","大安區","民炤里","臺北市大安區民炤里",6,6.9273,6
"532","臺北市","大安區","黎元里","臺北市大安區黎元里",118,23.4485,17
"533","臺北市","中山區","松江里","臺北市中山區松江里",0,0,0
"534","臺北市","中正區","幸市里","臺北市中正區幸市里",2.0002,2.0002,2
"535","臺北市","中正區","富水里","臺北市中正區富水里",6,6.4,6
"536","臺北市","內湖區","安泰里","臺北市內湖區安泰里",8,10.2566,8
"537","臺北市","內湖區","明湖里","臺北市內湖區明湖里",34,10.5307,10
"538","臺北市","內湖區","瑞陽里","臺北市內湖區瑞陽里",0,0,0
"539","臺北市","內湖區","蘆洲里","臺北市內湖區蘆洲里",17,20.1851,17
"540","臺北市","文山區","萬有里","臺北市文山區萬有里",0,0,0
"541","臺北市","文山區","興旺里","臺北市文山區興旺里",1,1,1
"542","臺北市","北投區","中央里","臺北市北投區中央里",17,10.6923,8
"543","臺北市","北投區","永明里","臺北市北投區永明里",2,2,2
"544","臺北市","北投區","吉慶里","臺北市北投區吉慶里",3,3.9997,3
"545","臺北市","北投區","建民里","臺北市北投區建民里",12,14.4469,12
"546","臺北市","北投區","湖田里","臺北市北投區湖田里",124,28.4482,25
"547","臺北市","北投區","福興里","臺北市北投區福興里",4,4.2405,4
"548","臺北市","松山區","吉仁里","臺北市松山區吉仁里",0,0,0
"549","臺北市","松山區","富泰里","臺北市松山區富泰里",5,5.7606,5
"550","臺北市","信義區","三犁里","臺北市信義區三犁里",36.25,26.2983,23
"551","臺北市","信義區","國業里","臺北市信義區國業里",1,1,1
"552","臺北市","信義區","景新里","臺北市信義區景新里",46.5,16.368,15
"553","臺北市","南港區","中南里","臺北市南港區中南里",5,5.7606,5
"554","臺北市","南港區","百福里","臺北市南港區百福里",8,11.0011,8
"555","臺北市","萬華區","全德里","臺北市萬華區全德里",1,1,1
"556","臺北市","萬華區","富福里","臺北市萬華區富福里",3,3.1428,3
"557","臺北市","萬華區","福音里","臺北市萬華區福音里",2,2,2
"558","臺東縣","太麻里鄉","大王村","臺東縣太麻里鄉大王村",37.5,20.6452,13
"559","臺東縣","太麻里鄉","多良村","臺東縣太麻里鄉多良村",16.25,11.809,10
"560","臺東縣","太麻里鄉","泰和村","臺東縣太麻里鄉泰和村",10,5.7606,5
"561","臺東縣","成功鎮","三仙里","臺東縣成功鎮三仙里",96.1111,52.1441,42
"562","臺東縣","成功鎮","和平里","臺東縣成功鎮和平里",54,24.5,26
"563","臺東縣","成功鎮","信義里","臺東縣成功鎮信義里",121.4167,64.9539,55
"564","臺東縣","池上鄉","振興村","臺東縣池上鄉振興村",55.6,34.8985,24
"565","臺東縣","池上鄉","萬安村","臺東縣池上鄉萬安村",13,18.4513,13
"566","臺東縣","池上鄉","錦園村","臺東縣池上鄉錦園村",40,13.5707,10
"567","臺東縣","臺東市","民生里","臺東縣臺東市民生里",20,30.3861,20
"568","臺東縣","臺東市","成功里","臺東縣臺東市成功里",56,14.3228,12
"569","臺東縣","臺東市","建業里","臺東縣臺東市建業里",27,40.5281,27
"570","臺東縣","臺東市","建興里","臺東縣臺東市建興里",17,23.0138,17
"571","臺東縣","臺東市","強國里","臺東縣臺東市強國里",16,23.3514,16
"572","臺東縣","臺東市","鐵花里","臺東縣臺東市鐵花里",7,9.2215,7
"573","臺南市","大內區","大內里","臺南市大內區大內里",15,19.459,15
"574","臺南市","大內區","內江里","臺南市大內區內江里",71,23.5148,13
"575","臺南市","中西區","五妃里","臺南市中西區五妃里",2,2,2
"576","臺南市","中西區","進學里","臺南市中西區進學里",1,1,1
"577","臺南市","仁德區","一甲里","臺南市仁德區一甲里",11,13,11
"578","臺南市","仁德區","太子里","臺南市仁德區太子里",16,24,16
"579","臺南市","北門區","三光里","臺南市北門區三光里",315.6667,63.9051,47
"580","臺南市","北門區","北門里","臺南市北門區北門里",131,38.39,29
"581","臺南市","北門區","鯤江里","臺南市北門區鯤江里",668.2857,156.7505,152
"582","臺南市","北區","大豐里","臺南市北區大豐里",11,10.2631,11
"583","臺南市","北區","中樓里","臺南市北區中樓里",5.25,4.8283,5
"584","臺南市","北區","仁愛里","臺南市北區仁愛里",2,1.3333,2
"585","臺南市","北區","永祥里","臺南市北區永祥里",28,14.4261,11
"586","臺南市","北區","振興里","臺南市北區振興里",12,13.2828,10
"587","臺南市","北區","華興里","臺南市北區華興里",11.6667,12,8
"588","臺南市","北區","賢北里","臺南市北區賢北里",4,8.5327,9
"589","臺南市","永康區","三民里","臺南市永康區三民里",158.5455,89.6213,61
"590","臺南市","永康區","中華里","臺南市永康區中華里",3,3,3
"591","臺南市","永康區","六合里","臺南市永康區六合里",1,1,1
"592","臺南市","永康區","蔦松里","臺南市永康區蔦松里",11,14.4679,11
"593","臺南市","永康區","鹽洲里","臺南市永康區鹽洲里",35,11.8636,12
"594","臺南市","安平區","育平里","臺南市安平區育平里",1,1,1
"595","臺南市","安定區","大同里","臺南市安定區大同里",27.0909,28.1741,22
"596","臺南市","安定區","保西里","臺南市安定區保西里",13,18.5893,13
"597","臺南市","安定區","海寮里","臺南市安定區海寮里",47.6667,23.2328,18
"598","臺南市","安定區","蘇林里","臺南市安定區蘇林里",6,8.535,6
"599","臺南市","安南區","公親里","臺南市安南區公親里",12,8.1345,6
"600","臺南市","安南區","佃東里","臺南市安南區佃東里",101,24.5015,19
"601","臺南市","安南區","城南里","臺南市安南區城南里",159,54.4534,50
"602","臺南市","安南區","學東里","臺南市安南區學東里",9,11.3353,9
"603","臺南市","安南區","顯宮里","臺南市安南區顯宮里",119.3333,33.7496,30
"604","臺南市","西港區","西港里","臺南市西港區西港里",22.8333,22.3006,23
"605","臺南市","西港區","新復里","臺南市西港區新復里",52.0541,79.0623,48
"606","臺南市","西港區","檨林里","臺南市西港區檨林里",19.2273,20.2374,18
"607","臺南市","官田區","西庄里","臺南市官田區西庄里",53.7143,35.0362,26
"608","臺南市","官田區","拔林里","臺南市官田區拔林里",128.6,57.0126,38
"609","臺南市","官田區","社子里","臺南市官田區社子里",57.3333,25.1312,19
"610","臺南市","東區","大福里","臺南市東區大福里",0,0,0
"611","臺南市","東區","文聖里","臺南市東區文聖里",0,0,0
"612","臺南市","東區","東門里","臺南市東區東門里",1,1,1
"613","臺南市","東區","富裕里","臺南市東區富裕里",0,0,0
"614","臺南市","東區","裕農里","臺南市東區裕農里",1.0001,1.0001,1
"615","臺南市","南區","佛壇里","臺南市南區佛壇里",7,7.4497,7
"616","臺南市","南區","明亮里","臺南市南區明亮里",1,1,1
"617","臺南市","南區","松安里","臺南市南區松安里",4,4,4
"618","臺南市","南區","建南里","臺南市南區建南里",3,3.0868,3
"619","臺南市","南區","郡南里","臺南市南區郡南里",0,0,0
"620","臺南市","將軍區","仁和里","臺南市將軍區仁和里",64.0465,65.8353,52
"621","臺南市","將軍區","平沙里","臺南市將軍區平沙里",128.4825,143.6361,115
"622","臺南市","將軍區","長沙里","臺南市將軍區長沙里",63.0791,65.8765,69
"623","臺南市","將軍區","長榮里","臺南市將軍區長榮里",5.3636,8.3684,8
"624","臺南市","善化區","六分里","臺南市善化區六分里",7,10.5495,7
"625","臺南市","善化區","六德里","臺南市善化區六德里",5,8.3308,5
"626","臺南市","新市區","新和里","臺南市新市區新和里",13.3333,14.8918,12
"627","臺南市","新市區","潭頂里","臺南市新市區潭頂里",12.6,11.8366,12
"628","澎湖縣","西嶼鄉","外垵村","澎湖縣西嶼鄉外垵村",13,20.5504,13
"629","澎湖縣","西嶼鄉","竹灣村","澎湖縣西嶼鄉竹灣村",10,16.6617,10
"630","澎湖縣","馬公市","光華里","澎湖縣馬公市光華里",3,3.3329,3
"631","澎湖縣","馬公市","重光里","澎湖縣馬公市重光里",21,25.6826,21
"632","澎湖縣","湖西鄉","白坑村","澎湖縣湖西鄉白坑村",6,5.7996,6
"633","澎湖縣","湖西鄉","成功村","澎湖縣湖西鄉成功村",8,11.429,8
