宗教團體名稱,主管機關,主祀神祇,行政區,縣市,鄉鎮市區,村里,地址,教　別,完整地址,X,Y
丁軍廟,宜蘭縣政府,丁軍爺,宜蘭縣蘇澳鎮,宜蘭縣,蘇澳鎮,聖湖里,宜蘭縣蘇澳鎮聖湖里聖愛路133-1號,道教,宜蘭縣蘇澳鎮聖湖里聖愛路133-1號,0,0
詔安廟,宜蘭縣政府,三山國王,宜蘭縣冬山鄉,宜蘭縣,冬山鄉,安平村,宜蘭縣冬山鄉安平村安平路491號,道教,宜蘭縣冬山鄉安平村安平路491號,0,0
永興廟,宜蘭縣政府,三山國王,宜蘭縣礁溪鄉,宜蘭縣,礁溪鄉,龍潭村,宜蘭縣礁溪鄉龍潭村三皇路112巷14號,道教,宜蘭縣礁溪鄉龍潭村三皇路112巷14號,0,0
鎮安宮,宜蘭縣政府,三山國王,宜蘭縣冬山鄉,宜蘭縣,冬山鄉,鹿埔村,宜蘭縣冬山鄉鹿埔村松樹路22號,道教,宜蘭縣冬山鄉鹿埔村松樹路22號,0,0
三山國王廟,宜蘭縣政府,三山國王,宜蘭縣大同鄉,宜蘭縣,大同鄉,樂水村,宜蘭縣大同鄉樂水村碼崙巷72號,道教,宜蘭縣大同鄉樂水村碼崙巷72號,0,0
清安廟,宜蘭縣政府,三山國王,宜蘭縣三星鄉,宜蘭縣,三星鄉,員山村,宜蘭縣三星鄉員山村清水路47號,道教,宜蘭縣三星鄉員山村清水路47號,0,0
保安廟,宜蘭縣政府,三山國王,宜蘭縣員山鄉,宜蘭縣,員山鄉,湖東村,宜蘭縣員山鄉湖東村蜊埤路19號,道教,宜蘭縣員山鄉湖東村蜊埤路19號,0,0
宜蘭縣礁溪鄉龍潭三皇宮,宜蘭縣政府,三官大帝,宜蘭縣礁溪鄉,宜蘭縣,礁溪鄉,龍潭村,宜蘭縣礁溪鄉龍潭村三皇路2號,道教,宜蘭縣礁溪鄉龍潭村三皇路2號,0,0
山前三興宮,宜蘭縣政府,三官大帝,宜蘭縣員山鄉,宜蘭縣,員山鄉,同樂村,宜蘭縣員山鄉同樂村山前路85巷號,道教,宜蘭縣員山鄉同樂村山前路85巷號,0,0
土場福德廟,宜蘭縣政府,土地公,宜蘭縣大同鄉,宜蘭縣,大同鄉,太平村,宜蘭縣大同鄉太平村2鄰土埸1號,道教,宜蘭縣大同鄉太平村2鄰土埸1號,0,0
澳仔角福德廟,宜蘭縣政府,土地公,宜蘭縣蘇澳鎮,宜蘭縣,蘇澳鎮,港邊里,宜蘭縣蘇澳鎮港邊里港邊路旁,道教,宜蘭縣蘇澳鎮港邊里港邊路旁,0,0
大眾爺廟,宜蘭縣政府,大眾爺,宜蘭縣五結鄉,宜蘭縣,五結鄉,成興村,宜蘭縣五結鄉成興村成鳳路旁,道教,宜蘭縣五結鄉成興村成鳳路旁,0,0
忠義堂,宜蘭縣政府,大眾爺,宜蘭縣五結鄉,宜蘭縣,五結鄉,利澤村,宜蘭縣五結鄉利澤村下福路邊,道教,宜蘭縣五結鄉利澤村下福路邊,0,0
港口城隍爺廟,宜蘭縣政府,大眾爺,宜蘭縣蘇澳鎮,宜蘭縣,蘇澳鎮,港邊里,宜蘭縣蘇澳鎮港邊里岳明國小2-1號,道教,宜蘭縣蘇澳鎮港邊里岳明國小2-1號,0,0
存仁大眾廟,宜蘭縣政府,大眾爺,宜蘭縣蘇澳鎮,宜蘭縣,蘇澳鎮,存仁里,宜蘭縣蘇澳鎮存仁里存仁路35號,道教,宜蘭縣蘇澳鎮存仁里存仁路35號,0,0
出水口城隍廟(舊名：眾安祠),宜蘭縣政府,大眾爺,宜蘭縣蘇澳鎮,宜蘭縣,蘇澳鎮,聖湖里,宜蘭縣蘇澳鎮聖湖里中山路二段211巷93號,道教,宜蘭縣蘇澳鎮聖湖里中山路二段211巷93號,0,0
南順宮,宜蘭縣政府,五府千歲,宜蘭縣蘇澳鎮,宜蘭縣,蘇澳鎮,聖湖里,宜蘭縣蘇澳鎮聖湖里聖愛路59-1號,道教,宜蘭縣蘇澳鎮聖湖里聖愛路59-1號,0,0
天賀宮,宜蘭縣政府,天上聖母,宜蘭縣五結鄉,宜蘭縣,五結鄉,福興村,宜蘭縣五結鄉福興村中福北路旁,道教,宜蘭縣五結鄉福興村中福北路旁,0,0
大南澳天后宮,宜蘭縣政府,天上聖母,宜蘭縣蘇澳鎮,宜蘭縣,蘇澳鎮,朝陽里,宜蘭縣蘇澳鎮朝陽里潮陽路44號,道教,宜蘭縣蘇澳鎮朝陽里潮陽路44號,0,0
天后宮,宜蘭縣政府,天上聖母,宜蘭縣頭城鎮,宜蘭縣,頭城鎮,合興里,宜蘭縣頭城鎮忠孝新村合興里54號,道教,宜蘭縣頭城鎮忠孝新村合興里54號,0,0
瑤池太子宮,宜蘭縣政府,太子爺,宜蘭縣員山鄉,宜蘭縣,員山鄉,湖西村,宜蘭縣員山鄉湖西村雙埤路32-1號,道教,宜蘭縣員山鄉湖西村雙埤路32-1號,0,0
本覺禪寺,宜蘭縣政府,文殊師利菩薩,宜蘭縣大同鄉,宜蘭縣,大同鄉,松羅村,宜蘭縣大同鄉松羅村玉蘭5號,佛教,宜蘭縣大同鄉松羅村玉蘭5號,0,0
大安宮,宜蘭縣政府,水仙王,宜蘭縣員山鄉,宜蘭縣,員山鄉,逸仙村,宜蘭縣員山鄉逸仙村大安路167號,道教,宜蘭縣員山鄉逸仙村大安路167號,0,0
勝安宮,宜蘭縣政府,王母娘娘玉皇上帝,宜蘭縣礁溪鄉,宜蘭縣,礁溪鄉,龍潭村,宜蘭縣礁溪鄉龍潭村育龍路17巷24號,道教,宜蘭縣礁溪鄉龍潭村育龍路17巷24號,0,0
永安宮(嶺腳),宜蘭縣政府,玄天上帝,宜蘭縣蘇澳鎮,宜蘭縣,蘇澳鎮,港邊里,宜蘭縣蘇澳鎮港邊里嶺腳路104號,道教,宜蘭縣蘇澳鎮港邊里嶺腳路104號,0,0
協和廟,宜蘭縣政府,石公,宜蘭縣礁溪鄉,宜蘭縣,礁溪鄉,吳沙村,宜蘭縣礁溪鄉吳沙村四結路81號,道教,宜蘭縣礁溪鄉吳沙村四結路81號,0,0
池碧宮,宜蘭縣政府,池府千歲,宜蘭縣蘇澳鎮,宜蘭縣,蘇澳鎮,南興里,宜蘭縣蘇澳鎮南興里華山5巷16號,道教,宜蘭縣蘇澳鎮南興里華山5巷16號,0,0
姑娘媽廟,宜蘭縣政府,姑娘媽,宜蘭縣五結鄉,宜蘭縣,五結鄉,利澤村,宜蘭縣五結鄉利澤村下福東路邊,道教,宜蘭縣五結鄉利澤村下福東路邊,0,0
廣濟宮,宜蘭縣政府,保生大帝,宜蘭縣員山鄉,宜蘭縣,員山鄉,同樂村,宜蘭縣員山鄉同樂村蘭城路37號,道教,宜蘭縣員山鄉同樂村蘭城路37號,0,0
頂寮城隍廟,宜蘭縣政府,城隍尊神,宜蘭縣蘇澳鎮,宜蘭縣,蘇澳鎮,頂寮里,宜蘭縣蘇澳鎮頂寮里頂寮路4巷1號,道教,宜蘭縣蘇澳鎮頂寮里頂寮路4巷1號,0,0
飛元宮,宜蘭縣政府,飛像四將軍,宜蘭縣頭城鎮,宜蘭縣,頭城鎮,拔雅里,宜蘭縣頭城鎮拔雅里復興路107巷9號,道教,宜蘭縣頭城鎮拔雅里復興路107巷9號,0,0
校地爺廟,宜蘭縣政府,校地爺公,宜蘭縣五結鄉,宜蘭縣,五結鄉,利澤村,宜蘭縣五結鄉利澤村下福東路利澤國小對面,道教,宜蘭縣五結鄉利澤村下福東路利澤國小對面,0,0
晉安宮,宜蘭縣政府,張公聖君(法主公),宜蘭縣蘇澳鎮,宜蘭縣,蘇澳鎮,蘇北里,宜蘭縣蘇澳鎮蘇北里太平1巷13號,道教,宜蘭縣蘇澳鎮蘇北里太平1巷13號,0,0
國安廟,宜蘭縣政府,開台聖王,宜蘭縣五結鄉,宜蘭縣,五結鄉,三興村,宜蘭縣五結鄉三興村復興6路136號,道教,宜蘭縣五結鄉三興村復興6路136號,0,0
永護廟,宜蘭縣政府,開漳聖王,宜蘭縣礁溪鄉,宜蘭縣,礁溪鄉,光武村,宜蘭縣礁溪鄉光武村武暖路82號,道教,宜蘭縣礁溪鄉光武村武暖路82號,0,0
保安廟,宜蘭縣政府,開漳聖王,宜蘭縣礁溪鄉,宜蘭縣,礁溪鄉,匏崙村,宜蘭縣礁溪鄉匏崙村匏杓崙路67號,道教,宜蘭縣礁溪鄉匏崙村匏杓崙路67號,0,0
聖爺廟,宜蘭縣政府,聖爺公,宜蘭縣蘇澳鎮,宜蘭縣,蘇澳鎮,聖湖里,宜蘭縣蘇澳鎮聖湖里聖愛路132號前公墓旁,道教,宜蘭縣蘇澳鎮聖湖里聖愛路132號前公墓旁,0,0
萬仙公廟,宜蘭縣政府,萬仙爺公,宜蘭縣羅東鎮,宜蘭縣,羅東鎮,仁愛里,宜蘭縣羅東鎮仁愛里復興路二段307巷268號,道教,宜蘭縣羅東鎮仁愛里復興路二段307巷268號,0,0
大眾爺廟,宜蘭縣政府,萬善公,宜蘭縣蘇澳鎮,宜蘭縣,蘇澳鎮,港邊里,宜蘭縣蘇澳鎮港邊里濱海公路旁,道教,宜蘭縣蘇澳鎮港邊里濱海公路旁,0,0
萬善堂,宜蘭縣政府,萬善同公,宜蘭縣五結鄉,宜蘭縣,五結鄉,成興村,宜蘭縣五結鄉成興村五濱路一段路邊,道教,宜蘭縣五結鄉成興村五濱路一段路邊,0,0
董慶寺,宜蘭縣政府,董公,宜蘭縣頭城鎮,宜蘭縣,頭城鎮,港口里,宜蘭縣頭城鎮港口里(路)100號,道教,宜蘭縣頭城鎮港口里(路)100號,0,0
樹林福德廟,宜蘭縣政府,福德正神,宜蘭縣冬山鄉,宜蘭縣,冬山鄉,廣興村,宜蘭縣冬山鄉廣興村廣興路49之8號,道教,宜蘭縣冬山鄉廣興村廣興路49之8號,0,0
龍泉福德廟,宜蘭縣政府,福德正神,宜蘭縣三星鄉,宜蘭縣,三星鄉,集慶村,宜蘭縣三星鄉集慶村成功路35號,道教,宜蘭縣三星鄉集慶村成功路35號,0,0
福德廟,宜蘭縣政府,福德正神,宜蘭縣五結鄉,宜蘭縣,五結鄉,鎮安村,宜蘭縣五結鄉鎮安村舊街一路136號,道教,宜蘭縣五結鄉鎮安村舊街一路136號,0,0
福德廟,宜蘭縣政府,福德正神,宜蘭縣員山鄉,宜蘭縣,員山鄉,中華村,宜蘭縣員山鄉中華村長嶺路35號,道教,宜蘭縣員山鄉中華村長嶺路35號,0,0
新寮福德廟,宜蘭縣政府,福德正神,宜蘭縣冬山鄉,宜蘭縣,冬山鄉,中山村,宜蘭縣冬山鄉中山村新寮路408號,道教,宜蘭縣冬山鄉中山村新寮路408號,0,0
福德廟,宜蘭縣政府,福德正神,宜蘭縣三星鄉,宜蘭縣,三星鄉,萬富村,宜蘭縣三星鄉萬富村萬富二路22號,道教,宜蘭縣三星鄉萬富村萬富二路22號,0,0
52甲福德廟,宜蘭縣政府,福德正神,宜蘭縣五結鄉,宜蘭縣,五結鄉,利澤村,宜蘭縣五結鄉利澤村利澤西路五股圳旁,道教,宜蘭縣五結鄉利澤村利澤西路五股圳旁,0,0
集慶福德廟,宜蘭縣政府,福德正神,宜蘭縣三星鄉,宜蘭縣,三星鄉,集慶村,宜蘭縣三星鄉集慶村集慶段204地號,道教,宜蘭縣三星鄉集慶村集慶段204地號,0,0
二城里福德廟,宜蘭縣政府,福德正神,宜蘭縣頭城鎮,宜蘭縣,頭城鎮,二城里,宜蘭縣頭城鎮二城里(二圍段230號),道教,宜蘭縣頭城鎮二城里(二圍段230號),0,0
福德廟,宜蘭縣政府,福德正神,宜蘭縣冬山鄉,宜蘭縣,冬山鄉,南興村,宜蘭縣冬山鄉冬山鄉南興村南興路22號,道教,宜蘭縣冬山鄉冬山鄉南興村南興路22號,0,0
金面山福德廟,宜蘭縣政府,福德正神,宜蘭縣頭城鎮,宜蘭縣,頭城鎮,金面里,宜蘭縣頭城鎮金面金面里(金面段大金面小段495-6),道教,宜蘭縣頭城鎮金面金面里(金面段大金面小段495-6),0,0
湖東福德宮,宜蘭縣政府,福德正神,宜蘭縣蘇澳鎮,宜蘭縣,蘇澳鎮,永春里,宜蘭縣蘇澳鎮湖東路永春里邊,道教,宜蘭縣蘇澳鎮湖東路永春里邊,0,0
隘丁福德廟,宜蘭縣政府,福德正神,宜蘭縣蘇澳鎮,宜蘭縣,蘇澳鎮,隘丁里,宜蘭縣蘇澳鎮隘丁里城南城中路105號,道教,宜蘭縣蘇澳鎮隘丁里城南城中路105號,0,0
北門坑福德廟,宜蘭縣政府,福德正神,宜蘭縣頭城鎮,宜蘭縣,頭城鎮,拔雅里,宜蘭縣頭城鎮拔雅拔雅里(路)118之1號,道教,宜蘭縣頭城鎮拔雅拔雅里(路)118之1號,0,0
福德廟,宜蘭縣政府,福德正神,宜蘭縣礁溪鄉,宜蘭縣,礁溪鄉,光武村,宜蘭縣礁溪鄉光武村武暖路8-1號,道教,宜蘭縣礁溪鄉光武村武暖路8-1號,0,0
後湖福德廟,宜蘭縣政府,福德正神,宜蘭縣蘇澳鎮,宜蘭縣,蘇澳鎮,聖湖里,宜蘭縣蘇澳鎮聖湖里聖愛路135-1號,道教,宜蘭縣蘇澳鎮聖湖里聖愛路135-1號,0,0
廣興土地公廟,宜蘭縣政府,福德正神,宜蘭縣冬山鄉,宜蘭縣,冬山鄉,廣興村,宜蘭縣冬山鄉廣興村廣興路158巷4弄15號,道教,宜蘭縣冬山鄉廣興村廣興路158巷4弄15號,0,0
靈濟寺,宜蘭縣政府,濟公活佛,宜蘭縣蘇澳鎮,宜蘭縣,蘇澳鎮,長安里,宜蘭縣蘇澳鎮長安里砲台山路6號,道教,宜蘭縣蘇澳鎮長安里砲台山路6號,0,0
喚醒堂,宜蘭縣政府,豁落靈官王天君,宜蘭縣頭城鎮,宜蘭縣,頭城鎮,城西里,宜蘭縣頭城鎮城西里纘祥路39號,道教,宜蘭縣頭城鎮城西里纘祥路39號,0,0
西山廟,宜蘭縣政府,關聖帝君,宜蘭縣員山鄉,宜蘭縣,員山鄉,湖西村,宜蘭縣員山鄉湖西村隘界路16號,道教,宜蘭縣員山鄉湖西村隘界路16號,0,0
礁溪協天廟,宜蘭縣政府,關聖帝君,宜蘭縣礁溪鄉,宜蘭縣,礁溪鄉,大忠村,宜蘭縣礁溪鄉大忠村中山路一段51號,道教,宜蘭縣礁溪鄉大忠村中山路一段51號,0,0
竺蓮寺,宜蘭縣政府,釋迦牟尼佛,宜蘭縣冬山鄉,宜蘭縣,冬山鄉,順安村,宜蘭縣冬山鄉順安村永興路一段336巷3號,佛教,宜蘭縣冬山鄉順安村永興路一段336巷3號,0,0
福嚴寺,宜蘭縣政府,釋迦牟尼佛,宜蘭縣礁溪鄉,宜蘭縣,礁溪鄉,匏崙村,宜蘭縣礁溪鄉匏崙村匏杓崙路1-25號,佛教,宜蘭縣礁溪鄉匏崙村匏杓崙路1-25號,0,0
妙釋寺,宜蘭縣政府,釋迦牟尼佛,宜蘭縣礁溪鄉,宜蘭縣,礁溪鄉,玉石村,宜蘭縣礁溪鄉玉石村忠孝路103巷23號,佛教,宜蘭縣礁溪鄉玉石村忠孝路103巷23號,0,0
祥光寺,宜蘭縣政府,釋迦牟尼佛,宜蘭縣蘇澳鎮,宜蘭縣,蘇澳鎮,永光里,宜蘭縣蘇澳鎮永光里長安西巷28號,佛教,宜蘭縣蘇澳鎮永光里長安西巷28號,0,0
蓮光精舍,宜蘭縣政府,釋迦牟尼佛,宜蘭縣頭城鎮,宜蘭縣,頭城鎮,城東里,宜蘭縣頭城鎮城東里6鄰和平街13巷9號,佛教,宜蘭縣頭城鎮城東里6鄰和平街13巷9號,0,0
正覺寺,宜蘭縣政府,觀世音菩薩,宜蘭縣礁溪鄉,宜蘭縣,礁溪鄉,吳沙村,宜蘭縣礁溪鄉吳沙村四結路80號,佛教,宜蘭縣礁溪鄉吳沙村四結路80號,0,0
覺善堂,宜蘭縣政府,觀音佛祖,宜蘭縣冬山鄉,宜蘭縣,冬山鄉,永美村,宜蘭縣冬山鄉永美村美和路二段205號,佛教,宜蘭縣冬山鄉永美村美和路二段205號,0,0
仁意宮,花蓮縣政府,七祖仙師,花蓮縣新城鄉,花蓮縣,新城鄉,嘉新村,花蓮縣新城鄉嘉新村148號,道教,花蓮縣新城鄉嘉新村148號,0,0
東部臨水三宮,花蓮縣政府,三奶夫人,花蓮縣富里鄉,花蓮縣,富里鄉,縣富里,花蓮縣富里鄉學田村13號,道教,花蓮縣富里鄉學田村13號,0,0
永安堂(土地公廟),花蓮縣政府,土地公,花蓮縣新城鄉,花蓮縣,新城鄉,鄉嘉里,花蓮縣新城鄉嘉里村嘉里3街1號邊,道教,花蓮縣新城鄉嘉里村嘉里3街1號邊,0,0
花蓮代天府,花蓮縣政府,五府千歲,花蓮縣花蓮市,花蓮縣,花蓮市,主商里,花蓮縣花蓮市主商里1鄰明義街1-36號,道教,花蓮縣花蓮市主商里1鄰明義街1-36號,0,0
五聖宮,花蓮縣政府,五顯大帝,花蓮縣鳳林鎮,花蓮縣,鳳林鎮,鳳仁里,花蓮縣鳳林鎮鳳仁里信義路365號,道教,花蓮縣鳳林鎮鳳仁里信義路365號,0,0
花蓮縣吉安鄉聖南宮,花蓮縣政府,天上聖母,花蓮縣吉安鄉,花蓮縣,吉安鄉,仁安村,花蓮縣吉安鄉仁安村南海4街102號,道教,花蓮縣吉安鄉仁安村南海4街102號,0,0
花蓮天惠堂,花蓮縣政府,天上聖母,花蓮縣花蓮市,花蓮縣,花蓮市,國盛里,花蓮縣花蓮市國盛里4鄰國盛1街2之1號,道教,花蓮縣花蓮市國盛里4鄰國盛1街2之1號,0,0
勝安宮,花蓮縣政府,王母娘娘,花蓮縣富里鄉,花蓮縣,富里鄉,縣富里,花蓮縣富里鄉富里村中山路6號,道教,花蓮縣富里鄉富里村中山路6號,0,0
鳳林勝安宮,花蓮縣政府,王母娘娘,花蓮縣鳳林鎮,花蓮縣,鳳林鎮,鳳禮里,花蓮縣鳳林鎮鳳禮里光華路107號,道教,花蓮縣鳳林鎮鳳禮里光華路107號,0,0
受天宮,花蓮縣政府,北極玄天真武上帝,花蓮縣花蓮市,花蓮縣,花蓮市,國富里,花蓮縣花蓮市國富里4鄰1街6號,道教,花蓮縣花蓮市國富里4鄰1街6號,0,0
東里北極壇,花蓮縣政府,玄天上帝,花蓮縣富里鄉,花蓮縣,富里鄉,縣富里,花蓮縣富里鄉東里村東昇路47之1號,道教,花蓮縣富里鄉東里村東昇路47之1號,0,0
武安宮,花蓮縣政府,玄天上帝,花蓮縣新城鄉,花蓮縣,新城鄉,北埔村,花蓮縣新城鄉北埔村樹林街3號,道教,花蓮縣新城鄉北埔村樹林街3號,0,0
慶天宮,花蓮縣政府,玄天上帝,花蓮縣吉安鄉,花蓮縣,吉安鄉,慶豐村,花蓮縣吉安鄉慶豐村中山路三段390號,道教,花蓮縣吉安鄉慶豐村中山路三段390號,0,0
太昌玄武宮,花蓮縣政府,玄天上帝,花蓮縣吉安鄉,花蓮縣,吉安鄉,太昌村,花蓮縣吉安鄉太昌村明義6街2號,道教,花蓮縣吉安鄉太昌村明義6街2號,0,0
彌陀寺,花蓮縣政府,阿彌陀佛,花蓮縣玉里鎮,花蓮縣,玉里鎮,縣玉里,花蓮縣玉里鎮泰昌里民權路68號,佛教,花蓮縣玉里鎮泰昌里民權路68號,0,0
永明山宏華寺,花蓮縣政府,阿彌陀佛,花蓮縣壽豐鄉,花蓮縣,壽豐鄉,米棧村,花蓮縣壽豐鄉米棧村米棧路一段33號,佛教,花蓮縣壽豐鄉米棧村米棧路一段33號,0,0
豐濱崑崙受天宮,花蓮縣政府,真武大帝,花蓮縣豐濱鄉,花蓮縣,豐濱鄉,豐濱村,花蓮縣豐濱鄉豐濱村新豐15號,道教,花蓮縣豐濱鄉豐濱村新豐15號,0,0
協台廟,花蓮縣政府,陳公協台,花蓮縣富里鄉,花蓮縣,富里鄉,縣富里,花蓮縣富里鄉富南村一鄰10號,道教,花蓮縣富里鄉富南村一鄰10號,0,0
廣安宮,花蓮縣政府,開台聖王,花蓮縣新城鄉,花蓮縣,新城鄉,康樂村,花蓮縣新城鄉康樂村7鄰109之1號,道教,花蓮縣新城鄉康樂村7鄰109之1號,0,0
花蓮開靈宮,花蓮縣政府,開漳聖王,花蓮縣花蓮市,花蓮縣,花蓮市,國慶里,花蓮縣花蓮市中山路國慶里一段18巷75弄15-8號,道教,花蓮縣花蓮市中山路國慶里一段18巷75弄15-8號,0,0
順天宮,花蓮縣政府,媽祖,花蓮縣豐濱鄉,花蓮縣,豐濱鄉,豐濱村,花蓮縣豐濱鄉豐濱村三民路109號,道教,花蓮縣豐濱鄉豐濱村三民路109號,0,0
玉里萬善祠,花蓮縣政府,萬善爺,花蓮縣玉里鎮,花蓮縣,玉里鎮,縣玉里,花蓮縣玉里鎮中城里11鄰城中2街16號,道教,花蓮縣玉里鎮中城里11鄰城中2街16號,0,0
聖地慈惠堂,花蓮縣政府,瑤池金母,花蓮縣吉安鄉,花蓮縣,吉安鄉,勝安村,花蓮縣吉安鄉勝安村慈惠3街136號,道教,花蓮縣吉安鄉勝安村慈惠3街136號,0,0
福德宮,花蓮縣政府,福德正神,花蓮縣豐濱鄉,花蓮縣,豐濱鄉,濱濱村,花蓮縣豐濱鄉豐濱濱村三民路107號,道教,花蓮縣豐濱鄉豐濱濱村三民路107號,0,0
玉里福德宮,花蓮縣政府,福德正神,花蓮縣玉里鎮,花蓮縣,玉里鎮,縣玉里,花蓮縣玉里鎮大禹里中華路興國路口,道教,花蓮縣玉里鎮大禹里中華路興國路口,0,0
花蓮福境宮,花蓮縣政府,福德正神,花蓮縣吉安鄉,花蓮縣,吉安鄉,北昌村,花蓮縣吉安鄉北昌村38鄰建昌路192號,道教,花蓮縣吉安鄉北昌村38鄰建昌路192號,0,0
台灣持明聖寺,花蓮縣政府,蓮花生大士,花蓮縣吉安鄉,花蓮縣,吉安鄉,永興村,花蓮縣吉安鄉永興村復興1街500號,其他(藏傳佛教寧瑪巴),花蓮縣吉安鄉永興村復興1街500號,0,0
竹田義民亭,花蓮縣政府,褒忠義民爺,花蓮縣富里鄉,花蓮縣,富里鄉,縣富里,花蓮縣富里鄉竹田村富田路10號,道教,花蓮縣富里鄉竹田村富田路10號,0,0
皇媽慈惠堂,花蓮縣政府,彌天老母,花蓮縣瑞穗鄉,花蓮縣,瑞穗鄉,富源村,花蓮縣瑞穗鄉富源村13鄰廣東路101號,道教,花蓮縣瑞穗鄉富源村13鄰廣東路101號,0,0
舞鶴禪苑,花蓮縣政府,藥師佛,花蓮縣瑞穗鄉,花蓮縣,瑞穗鄉,舞鶴村,花蓮縣瑞穗鄉舞鶴村11鄰舞鶴236號,佛教,花蓮縣瑞穗鄉舞鶴村11鄰舞鶴236號,0,0
協志宮,花蓮縣政府,關聖帝君,花蓮縣壽豐鄉,花蓮縣,壽豐鄉,志學村,花蓮縣壽豐鄉路內志學村13號,道教,花蓮縣壽豐鄉路內志學村13號,0,0
正法輪寺,花蓮縣政府,釋迦牟尼佛,花蓮縣瑞穗鄉,花蓮縣,瑞穗鄉,瑞祥村,花蓮縣瑞穗鄉瑞祥村4鄰135號,佛教,花蓮縣瑞穗鄉瑞祥村4鄰135號,0,0
華山寺,花蓮縣政府,釋迦牟尼佛,花蓮縣玉里鎮,花蓮縣,玉里鎮,縣玉里,花蓮縣玉里鎮泰昌里和平75號,佛教,花蓮縣玉里鎮泰昌里和平75號,0,0
澄觀寺,花蓮縣政府,釋迦牟尼佛,花蓮縣鳳林鎮,花蓮縣,鳳林鎮,鳳義里,花蓮縣鳳林鎮鳳義里7鄰正義路32號,佛教,花蓮縣鳳林鎮鳳義里7鄰正義路32號,0,0
無極山寺,花蓮縣政府,觀世音菩薩,花蓮縣瑞穗鄉,花蓮縣,瑞穗鄉,祥瑞村,花蓮縣瑞穗鄉瑞祥瑞村11鄰49號,佛教,花蓮縣瑞穗鄉瑞祥瑞村11鄰49號,0,0
法明禪寺修平靈堂,花蓮縣政府,觀世音菩薩,花蓮縣吉安鄉,花蓮縣,吉安鄉,仁安村,花蓮縣吉安鄉仁安村海濱路135號,佛教,花蓮縣吉安鄉仁安村海濱路135號,0,0
玉蓮寺,花蓮縣政府,觀音佛祖,花蓮縣富里鄉,花蓮縣,富里鄉,縣富里,花蓮縣富里鄉東里村福安路6號,佛教,花蓮縣富里鄉東里村福安路6號,0,0
三代公廟,金門縣政府,三代公,金門縣烈嶼鄉,金門縣,烈嶼鄉,上林村,金門縣烈嶼鄉上林村,道教,金門縣烈嶼鄉上林村,0,0
三魚王廟,金門縣政府,三魚王,金門縣金湖鎮,金門縣,金湖鎮,料羅里,金門縣金湖鎮料羅里金港路,道教,金門縣金湖鎮料羅里金港路,0,0
福德宮,金門縣政府,土地公,金門縣金沙鎮,金門縣,金沙鎮,何斗里,金門縣金沙鎮斗門何斗里1-3號,道教,金門縣金沙鎮斗門何斗里1-3號,0,0
萬興公廟,金門縣政府,土地公,金門縣金湖鎮,金門縣,金湖鎮,料羅里,金門縣金湖鎮料羅里,道教,金門縣金湖鎮料羅里,0,0
大士宮,金門縣政府,大士爺,金門縣金沙鎮,金門縣,金沙鎮,汶沙里,金門縣金沙鎮沙美汶沙里186號,道教,金門縣金沙鎮沙美汶沙里186號,0,0
慈德宮,金門縣政府,大王爺,金門縣金沙鎮,金門縣,金沙鎮,安美村,金門縣金沙鎮安美村西浦頭77-1號,道教,金門縣金沙鎮安美村西浦頭77-1號,0,0
營源廟,金門縣政府,大宋三忠王,金門縣金沙鎮,金門縣,金沙鎮,浦山里,金門縣金沙鎮浦山里營山99號,道教,金門縣金沙鎮浦山里營山99號,0,0
感應廟,金門縣政府,六姓府王爺,金門縣金沙鎮,金門縣,金沙鎮,三山里,金門縣金沙鎮三山里山后107號,道教,金門縣金沙鎮三山里山后107號,0,0
順濟宮,金門縣政府,天上聖母,金門縣金湖鎮,金門縣,金湖鎮,料羅里,金門縣金湖鎮料羅里47號,道教,金門縣金湖鎮料羅里47號,0,0
慈鑾宮,金門縣政府,天上聖母,金門縣金湖鎮,金門縣,金湖鎮,新湖里,金門縣金湖鎮新湖漁港新湖里123-2號,道教,金門縣金湖鎮新湖漁港新湖里123-2號,0,0
麟護宮,金門縣政府,天上聖母,金門縣烈嶼鄉,金門縣,烈嶼鄉,黃埔村,金門縣烈嶼鄉后頭黃埔村11號,道教,金門縣烈嶼鄉后頭黃埔村11號,0,0
海印宮,金門縣政府,太子爺,金門縣金沙鎮,金門縣,金沙鎮,汶沙里,金門縣金沙鎮東埔汶沙里20號,道教,金門縣金沙鎮東埔汶沙里20號,0,0
烈女廟,金門縣政府,王仙姑,金門縣烈嶼鄉,金門縣,烈嶼鄉,上岐村,金門縣烈嶼鄉青岐上岐村80之2號,道教,金門縣烈嶼鄉青岐上岐村80之2號,0,0
廣玄宮,金門縣政府,北極真武老祖,金門縣金寧鄉,金門縣,金寧鄉,愛新村,金門縣金寧鄉仁愛新村133號1樓,道教,金門縣金寧鄉仁愛新村133號1樓,0,0
迴向殿,金門縣政府,北嶽大帝,金門縣金城鎮,金門縣,金城鎮,古城里,金門縣金城鎮金門城古城里北門151號,道教,金門縣金城鎮金門城古城里北門151號,0,0
金榮殿,金門縣政府,玄天上帝,金門縣金沙鎮,金門縣,金沙鎮,何斗里,金門縣金沙鎮中蘭何斗里9號之1,道教,金門縣金沙鎮中蘭何斗里9號之1,0,0
保安廟,金門縣政府,玄天上帝,金門縣金寧鄉,金門縣,金寧鄉,古寧村,金門縣金寧鄉古寧村林厝,道教,金門縣金寧鄉古寧村林厝,0,0
真武殿,金門縣政府,玄天上帝,金門縣金寧鄉,金門縣,金寧鄉,古寧村,金門縣金寧鄉北山古寧村113號,道教,金門縣金寧鄉北山古寧村113號,0,0
真武廟,金門縣政府,玄天上帝,金門縣烈嶼鄉,金門縣,烈嶼鄉,西口村,金門縣烈嶼鄉下田西口村4號,道教,金門縣烈嶼鄉下田西口村4號,0,0
廣濟廟,金門縣政府,玄天上帝,金門縣金寧鄉,金門縣,金寧鄉,盤山村,金門縣金寧鄉頂堡盤山村128-6號,道教,金門縣金寧鄉頂堡盤山村128-6號,0,0
仙鶴寺,金門縣政府,玉女娘娘,金門縣金湖鎮,金門縣,金湖鎮,正義里,金門縣金湖鎮成功正義里116-1號,道教,金門縣金湖鎮成功正義里116-1號,0,0
田府廟,金門縣政府,田府元帥,金門縣烈嶼鄉,金門縣,烈嶼鄉,西口村,金門縣烈嶼鄉西吳西口村1號,道教,金門縣烈嶼鄉西吳西口村1號,0,0
汶鳳殿,金門縣政府,田督元帥,金門縣金沙鎮,金門縣,金沙鎮,汶沙里,金門縣金沙鎮汶沙里後浦頭1號,道教,金門縣金沙鎮汶沙里後浦頭1號,0,0
汶源宮,金門縣政府,田督元帥,金門縣金沙鎮,金門縣,金沙鎮,光前里,金門縣金沙鎮光前里後水頭34號,道教,金門縣金沙鎮光前里後水頭34號,0,0
昭靈宮,金門縣政府,田督元帥,金門縣金沙鎮,金門縣,金沙鎮,三山里,金門縣金沙鎮碧山三山里38號,道教,金門縣金沙鎮碧山三山里38號,0,0
珩山宮,金門縣政府,田督元帥,金門縣金湖鎮,金門縣,金湖鎮,瓊林里,金門縣金湖鎮珩厝瓊林里2號,道教,金門縣金湖鎮珩厝瓊林里2號,0,0
顯靈宮,金門縣政府,白將軍,金門縣烈嶼鄉,金門縣,烈嶼鄉,西口村,金門縣烈嶼鄉湖井頭西口村,道教,金門縣烈嶼鄉湖井頭西口村,0,0
萬應公,金門縣政府,地藏王菩薩,金門縣金寧鄉,金門縣,金寧鄉,湖埔村,金門縣金寧鄉湖下湖埔村海堤旁,道教,金門縣金寧鄉湖下湖埔村海堤旁,0,0
靈濟宮,金門縣政府,朱、邢、李王爺,金門縣金寧鄉,金門縣,金寧鄉,安美村,金門縣金寧鄉西浦頭安美村1號,道教,金門縣金寧鄉西浦頭安美村1號,0,0
聖侯廟,金門縣政府,朱王爺、邱王爺,金門縣金沙鎮,金門縣,金沙鎮,三山里,金門縣金沙鎮西山前三山里5號,道教,金門縣金沙鎮西山前三山里5號,0,0
回龍殿,金門縣政府,朱府千歲,金門縣金城鎮,金門縣,金城鎮,賢庵里,金門縣金城鎮賢庵里官路邊,道教,金門縣金城鎮賢庵里官路邊,0,0
宏濟殿,金門縣政府,朱府王爺,金門縣金寧鄉,金門縣,金寧鄉,榜林村,金門縣金寧鄉榜林村,道教,金門縣金寧鄉榜林村,0,0
朱府王爺廟,金門縣政府,朱府王爺,金門縣烈嶼鄉,金門縣,烈嶼鄉,上岐村,金門縣烈嶼鄉青岐上岐村46-1號,道教,金門縣烈嶼鄉青岐上岐村46-1號,0,0
威濟廟,金門縣政府,池府、溫府、蘇府王爺,金門縣金寧鄉,金門縣,金寧鄉,后盤村,金門縣金寧鄉后盤村后盤山下井,道教,金門縣金寧鄉后盤村后盤山下井,0,0
欽月殿,金門縣政府,池府千歲,金門縣金湖鎮,金門縣,金湖鎮,溪湖里,金門縣金湖鎮復國墩溪湖里,道教,金門縣金湖鎮復國墩溪湖里,0,0
仰雲殿,金門縣政府,池府千歲,金門縣金城鎮,金門縣,金城鎮,賢庵里,金門縣金城鎮官裡賢庵里,道教,金門縣金城鎮官裡賢庵里,0,0
雙峰巖,金門縣政府,池府王爺,金門縣金城鎮,金門縣,金城鎮,古城里,金門縣金城鎮大古崗古城里88號,道教,金門縣金城鎮大古崗古城里88號,0,0
普濟寺,金門縣政府,池府四公子爺,金門縣金沙鎮,金門縣,金沙鎮,浦山里,金門縣金沙鎮后宅浦山里40-1號,道教,金門縣金沙鎮后宅浦山里40-1號,0,0
紫蓮寺,金門縣政府,佛祖,金門縣金寧鄉,金門縣,金寧鄉,榜林村,金門縣金寧鄉榜林村,佛教,金門縣金寧鄉榜林村,0,0
吳府王爺宮,金門縣政府,吳府王爺,金門縣烈嶼鄉,金門縣,烈嶼鄉,黃埔村,金門縣烈嶼鄉埔頭黃埔村13號,道教,金門縣烈嶼鄉埔頭黃埔村13號,0,0
吳保殿,金門縣政府,吳府王爺,金門縣金寧鄉,金門縣,金寧鄉,安美村,金門縣金寧鄉湖南安美村,道教,金門縣金寧鄉湖南安美村,0,0
惠德宮,金門縣政府,李王爺,金門縣金城鎮,金門縣,金城鎮,金水里,金門縣金城鎮前水頭金水里145號,道教,金門縣金城鎮前水頭金水里145號,0,0
仙祖宮,金門縣政府,李仙祖,金門縣烈嶼鄉,金門縣,烈嶼鄉,上岐村,金門縣烈嶼鄉青岐上岐村3號,道教,金門縣烈嶼鄉青岐上岐村3號,0,0
昭忠堂,金門縣政府,李光前將軍,金門縣金寧鄉,金門縣,金寧鄉,安美村,金門縣金寧鄉安美村慈湖農莊1-6號,道教,金門縣金寧鄉安美村慈湖農莊1-6號,0,0
李光前將軍廟,金門縣政府,李光前將軍,金門縣金寧鄉,金門縣,金寧鄉,安美村,金門縣金寧鄉西浦頭安美村101號,道教,金門縣金寧鄉西浦頭安美村101號,0,0
李府將軍廟,金門縣政府,李府將軍,金門縣烈嶼鄉,金門縣,烈嶼鄉,黃埔村,金門縣烈嶼鄉林邊黃埔村,道教,金門縣烈嶼鄉林邊黃埔村,0,0
李府將軍廟,金門縣政府,李府將軍爺,金門縣烈嶼鄉,金門縣,烈嶼鄉,上林村,金門縣烈嶼鄉上林村路,道教,金門縣烈嶼鄉上林村路,0,0
清秀山宮,金門縣政府,甫奄公,金門縣金湖鎮,金門縣,金湖鎮,山外里,金門縣金湖鎮前埔山外里1號,道教,金門縣金湖鎮前埔山外里1號,0,0
天臺聖宮耀德佛堂,金門縣政府,明明上帝,金門縣烈嶼鄉,金門縣,烈嶼鄉,林湖村,金門縣烈嶼鄉東林林湖村1號,一貫道,金門縣烈嶼鄉東林林湖村1號,0,0
修文殿,金門縣政府,東嶽帝君,金門縣金城鎮,金門縣,金城鎮,賢庵里,金門縣金城鎮山前賢庵里20號,道教,金門縣金城鎮山前賢庵里20號,0,0
英武山岩,金門縣政府,林府王爺,金門縣金湖鎮,金門縣,金湖鎮,山外里,金門縣金湖鎮山外里1號,道教,金門縣金湖鎮山外里1號,0,0
保蓮殿,金門縣政府,林府王爺,金門縣金湖鎮,金門縣,金湖鎮,蓮庵里,金門縣金湖鎮西村蓮庵里,道教,金門縣金湖鎮西村蓮庵里,0,0
雙忠廟,金門縣政府,武安尊王,金門縣金寧鄉,金門縣,金寧鄉,湖埔村,金門縣金寧鄉埔後湖埔村1號,道教,金門縣金寧鄉埔後湖埔村1號,0,0
雙忠廟,金門縣政府,武安尊王,金門縣金寧鄉,金門縣,金寧鄉,湖埔村,金門縣金寧鄉湖下湖埔村4號,道教,金門縣金寧鄉湖下湖埔村4號,0,0
樓山寺,金門縣政府,牧馬侯,金門縣金沙鎮,金門縣,金沙鎮,西園里,金門縣金沙鎮西園里1號,道教,金門縣金沙鎮西園里1號,0,0
聖侯廟,金門縣政府,牧馬侯-陳淵,金門縣金寧鄉,金門縣,金寧鄉,榜林村,金門縣金寧鄉上后垵榜林村16號,道教,金門縣金寧鄉上后垵榜林村16號,0,0
鶯山廟,金門縣政府,舍人公,金門縣金沙鎮,金門縣,金沙鎮,浦山里,金門縣金沙鎮呂厝浦山里39號,道教,金門縣金沙鎮呂厝浦山里39號,0,0
代天廟,金門縣政府,金王爺,金門縣金寧鄉,金門縣,金寧鄉,湖埔村,金門縣金寧鄉埔邊湖埔村,道教,金門縣金寧鄉埔邊湖埔村,0,0
護安宮,金門縣政府,金王爺,金門縣金湖鎮,金門縣,金湖鎮,蓮庵里,金門縣金湖鎮庵邊蓮庵里35號,道教,金門縣金湖鎮庵邊蓮庵里35號,0,0
碧湖殿,金門縣政府,金王爺,金門縣金湖鎮,金門縣,金湖鎮,新湖里,金門縣金湖鎮湖前新湖里,道教,金門縣金湖鎮湖前新湖里,0,0
五顯廟,金門縣政府,金王爺,金門縣金城鎮,金門縣,金城鎮,珠沙里,金門縣金城鎮歐厝珠沙里2-4號,道教,金門縣金城鎮歐厝珠沙里2-4號,0,0
福慧寺,金門縣政府,阿彌陀佛,金門縣金沙鎮,金門縣,金沙鎮,光前里,金門縣金沙鎮陽翟光前里209號,佛教,金門縣金沙鎮陽翟光前里209號,0,0
承濟殿,金門縣政府,侯府王公,金門縣金寧鄉,金門縣,金寧鄉,榜林村,金門縣金寧鄉榜林村,道教,金門縣金寧鄉榜林村,0,0
保安殿,金門縣政府,保生大帝,金門縣金沙鎮,金門縣,金沙鎮,何斗里,金門縣金沙鎮何厝何斗里51-1號,道教,金門縣金沙鎮何厝何斗里51-1號,0,0
金山道殿,金門縣政府,保生大帝,金門縣金沙鎮,金門縣,金沙鎮,官嶼里,金門縣金沙鎮青嶼官嶼里58號,道教,金門縣金沙鎮青嶼官嶼里58號,0,0
保安殿,金門縣政府,保生大帝,金門縣金寧鄉,金門縣,金寧鄉,湖埔村,金門縣金寧鄉頂埔下湖埔村,道教,金門縣金寧鄉頂埔下湖埔村,0,0
保生大帝廟,金門縣政府,保生大帝,金門縣烈嶼鄉,金門縣,烈嶼鄉,上岐村,金門縣烈嶼鄉上庫上岐村3-1號,道教,金門縣烈嶼鄉上庫上岐村3-1號,0,0
大道宮,金門縣政府,保生大帝,金門縣金城鎮,金門縣,金城鎮,珠沙里,金門縣金城鎮珠山珠沙里66號,道教,金門縣金城鎮珠山珠沙里66號,0,0
寶靈殿,金門縣政府,保生大帝,金門縣金寧鄉,金門縣,金寧鄉,安美村,金門縣金寧鄉中堡安美村,道教,金門縣金寧鄉中堡安美村,0,0
棲堂廟,金門縣政府,保生大帝,金門縣金沙鎮,金門縣,金沙鎮,光前里,金門縣金沙鎮東珩光前里15號,道教,金門縣金沙鎮東珩光前里15號,0,0
靖海堂,金門縣政府,保生大帝,金門縣金沙鎮,金門縣,金沙鎮,何斗里,金門縣金沙鎮斗門何斗里35-2號,道教,金門縣金沙鎮斗門何斗里35-2號,0,0
順境宮,金門縣政府,保生大帝,金門縣金湖鎮,金門縣,金湖鎮,溪湖里,金門縣金湖鎮溪邊溪湖里1號,道教,金門縣金湖鎮溪邊溪湖里1號,0,0
保安殿,金門縣政府,保生大帝,金門縣金寧鄉,金門縣,金寧鄉,安美村,金門縣金寧鄉安岐安美村42-1號,道教,金門縣金寧鄉安岐安美村42-1號,0,0
勇伯公宮,金門縣政府,勇伯公,金門縣金城鎮,金門縣,金城鎮,金水里,金門縣金城鎮前水頭金水里,道教,金門縣金城鎮前水頭金水里,0,0
浯島城隍廟,金門縣政府,城隍爺,金門縣金城鎮,金門縣,金城鎮,西門里,金門縣金城鎮西門里光前路40號,道教,金門縣金城鎮西門里光前路40號,0,0
泰山廟,金門縣政府,城隍爺,金門縣金沙鎮,金門縣,金沙鎮,大洋里,金門縣金沙鎮田埔大洋里9號,道教,金門縣金沙鎮田埔大洋里9號,0,0
碧山宮,金門縣政府,恩主公-陳淵,金門縣金沙鎮,金門縣,金沙鎮,光前里,金門縣金沙鎮蔡厝光前里30-2號,道教,金門縣金沙鎮蔡厝光前里30-2號,0,0
恩主聖侯廟,金門縣政府,恩主聖侯,金門縣金沙鎮,金門縣,金沙鎮,西園里,金門縣金沙鎮西園里英坑11號,道教,金門縣金沙鎮西園里英坑11號,0,0
祖師公廟,金門縣政府,祖師公,金門縣烈嶼鄉,金門縣,烈嶼鄉,西口村,金門縣烈嶼鄉湖井頭西口村16號,道教,金門縣烈嶼鄉湖井頭西口村16號,0,0
先農廟,金門縣政府,神農大帝,金門縣金寧鄉,金門縣,金寧鄉,古寧村,金門縣金寧鄉北山古寧村177-1號,道教,金門縣金寧鄉北山古寧村177-1號,0,0
北嶽廟,金門縣政府,康濟明王,金門縣金沙鎮,金門縣,金沙鎮,三山里,金門縣金沙鎮山西三山里99號,道教,金門縣金沙鎮山西三山里99號,0,0
威靈殿,金門縣政府,張公聖君,金門縣金寧鄉,金門縣,金寧鄉,安美村,金門縣金寧鄉中堡安美村,道教,金門縣金寧鄉中堡安美村,0,0
天師宮,金門縣政府,張天師,金門縣烈嶼鄉,金門縣,烈嶼鄉,上岐村,金門縣烈嶼鄉青岐上岐村113-1號,道教,金門縣烈嶼鄉青岐上岐村113-1號,0,0
天師宮,金門縣政府,張天師,金門縣烈嶼鄉,金門縣,烈嶼鄉,黃埔村,金門縣烈嶼鄉庵頂黃埔村,道教,金門縣烈嶼鄉庵頂黃埔村,0,0
張公宮,金門縣政府,張府千歲,金門縣金城鎮,金門縣,金城鎮,古城里,金門縣金城鎮金門城古城里東門,道教,金門縣金城鎮金門城古城里東門,0,0
睢陽府廟,金門縣政府,張府厲王,金門縣金城鎮,金門縣,金城鎮,古城里,金門縣金城鎮金門城古城里68-1號,道教,金門縣金城鎮金門城古城里68-1號,0,0
鏡山岩,金門縣政府,清水祖師,金門縣金湖鎮,金門縣,金湖鎮,瓊林里,金門縣金湖鎮小徑瓊林里39號,道教,金門縣金湖鎮小徑瓊林里39號,0,0
鎮西宮,金門縣政府,章府王爺,金門縣金寧鄉,金門縣,金寧鄉,古寧村,金門縣金寧鄉北山古寧村172-1號,道教,金門縣金寧鄉北山古寧村172-1號,0,0
天官府,金門縣政府,陳刑科昌文,金門縣金城鎮,金門縣,金城鎮,賢庵里,金門縣金城鎮賢庵里古區28號,道教,金門縣金城鎮賢庵里古區28號,0,0
鎮南宮,金門縣政府,普庵佛祖,金門縣金寧鄉,金門縣,金寧鄉,后盤村,金門縣金寧鄉后沙后盤村8-8號,佛教,金門縣金寧鄉后沙后盤村8-8號,0,0
環江宮,金門縣政府,棟境公,金門縣金沙鎮,金門縣,金沙鎮,大洋里,金門縣金沙鎮大地大洋里24號,道教,金門縣金沙鎮大地大洋里24號,0,0
滄龍宮,金門縣政府,森府王爺,金門縣金湖鎮,金門縣,金湖鎮,蓮庵里,金門縣金湖鎮東村蓮庵里,道教,金門縣金湖鎮東村蓮庵里,0,0
金聖宮,金門縣政府,順府王爺,金門縣金寧鄉,金門縣,金寧鄉,安美村,金門縣金寧鄉中堡安美村,道教,金門縣金寧鄉中堡安美村,0,0
黃將軍廟,金門縣政府,黃將軍,金門縣烈嶼鄉,金門縣,烈嶼鄉,林湖村,金門縣烈嶼鄉羅厝林湖村,道教,金門縣烈嶼鄉羅厝林湖村,0,0
蓮法宮,金門縣政府,黑旗將軍,金門縣金沙鎮,金門縣,金沙鎮,浦山里,金門縣金沙鎮浦邊浦山里25-1號,道教,金門縣金沙鎮浦邊浦山里25-1號,0,0
代天府,金門縣政府,溫府、朱府、池府王爺,金門縣金寧鄉,金門縣,金寧鄉,湖埔村,金門縣金寧鄉下埔下湖埔村1-1號,道教,金門縣金寧鄉下埔下湖埔村1-1號,0,0
象德宮,金門縣政府,溫府王爺,金門縣金湖鎮,金門縣,金湖鎮,成功里,金門縣金湖鎮成功里海邊坡,道教,金門縣金湖鎮成功里海邊坡,0,0
威靈宮,金門縣政府,溫康池王爺,金門縣金寧鄉,金門縣,金寧鄉,古寧村,金門縣金寧鄉北山古寧村185-1號,道教,金門縣金寧鄉北山古寧村185-1號,0,0
仰雙巖,金門縣政府,聖侯恩主,金門縣金城鎮,金門縣,金城鎮,古城里,金門縣金城鎮大古崗古城里1號,道教,金門縣金城鎮大古崗古城里1號,0,0
泰安宮,金門縣政府,聖侯恩主,金門縣金城鎮,金門縣,金城鎮,賢庵里,金門縣金城鎮賢庵里賢厝1號,道教,金門縣金城鎮賢庵里賢厝1號,0,0
牧馬侯祠,金門縣政府,萬士爺,金門縣金城鎮,金門縣,金城鎮,賢庵里,金門縣金城鎮庵前賢庵里,道教,金門縣金城鎮庵前賢庵里,0,0
萬善宮,金門縣政府,萬善公,金門縣金城鎮,金門縣,金城鎮,金水里,金門縣金城鎮金水里塔山電廠旁,道教,金門縣金城鎮金水里塔山電廠旁,0,0
萬聖宮,金門縣政府,萬善爺圓仔公,金門縣烈嶼鄉,金門縣,烈嶼鄉,上岐村,金門縣烈嶼鄉楊厝上岐村福上山段,道教,金門縣烈嶼鄉楊厝上岐村福上山段,0,0
汶德宮,金門縣政府,福德正神,金門縣金沙鎮,金門縣,金沙鎮,光前里,金門縣金沙鎮光前里後水頭1之1號,道教,金門縣金沙鎮光前里後水頭1之1號,0,0
拱福宮,金門縣政府,福德正神,金門縣烈嶼鄉,金門縣,烈嶼鄉,西口村,金門縣烈嶼鄉雙口西口村14-1號,道教,金門縣烈嶼鄉雙口西口村14-1號,0,0
福德正神宮,金門縣政府,福德正神,金門縣金湖鎮,金門縣,金湖鎮,溪湖里,金門縣金湖鎮溪邊溪湖里,道教,金門縣金湖鎮溪邊溪湖里,0,0
川德宮,金門縣政府,厲王爺,金門縣金沙鎮,金門縣,金沙鎮,汶沙里,金門縣金沙鎮汶沙里後浦頭118號,道教,金門縣金沙鎮汶沙里後浦頭118號,0,0
厲王爺廟,金門縣政府,厲王爺,金門縣烈嶼鄉,金門縣,烈嶼鄉,上林村,金門縣烈嶼鄉上林村路,道教,金門縣烈嶼鄉上林村路,0,0
保安廟,金門縣政府,廣澤尊王,金門縣金湖鎮,金門縣,金湖鎮,溪湖里,金門縣金湖鎮溪湖里后壟11號,道教,金門縣金湖鎮溪湖里后壟11號,0,0
龍塘古廟,金門縣政府,謝府王公,金門縣金寧鄉,金門縣,金寧鄉,安美村,金門縣金寧鄉安岐安美村80-5號,道教,金門縣金寧鄉安岐安美村80-5號,0,0
關聖太子廟,金門縣政府,關聖帝君,金門縣烈嶼鄉,金門縣,烈嶼鄉,上岐村,金門縣烈嶼鄉青岐上岐村41號,道教,金門縣烈嶼鄉青岐上岐村41號,0,0
忠義廟,金門縣政府,關聖帝君,金門縣金湖鎮,金門縣,金湖鎮,瓊林里,金門縣金湖鎮瓊林里121號,道教,金門縣金湖鎮瓊林里121號,0,0
聚源廟,金門縣政府,關聖帝君,金門縣金沙鎮,金門縣,金沙鎮,光前里,金門縣金沙鎮陽翟光前里12號,道教,金門縣金沙鎮陽翟光前里12號,0,0
忠義宮,金門縣政府,關聖帝君,金門縣金湖鎮,金門縣,金湖鎮,新湖里,金門縣金湖鎮新湖里搭后2號,道教,金門縣金湖鎮新湖里搭后2號,0,0
關帝廟,金門縣政府,關聖帝君,金門縣烈嶼鄉,金門縣,烈嶼鄉,上岐村,金門縣烈嶼鄉青岐上岐村5號,道教,金門縣烈嶼鄉青岐上岐村5號,0,0
關帝廟,金門縣政府,關聖帝君,金門縣烈嶼鄉,金門縣,烈嶼鄉,黃埔村,金門縣烈嶼鄉黃厝黃埔村,道教,金門縣烈嶼鄉黃厝黃埔村,0,0
聖義宮,金門縣政府,關聖帝君,金門縣金沙鎮,金門縣,金沙鎮,西園里,金門縣金沙鎮西園里鹽場東北角,道教,金門縣金沙鎮西園里鹽場東北角,0,0
武孚廟,金門縣政府,關聖帝君,金門縣金城鎮,金門縣,金城鎮,珠沙里,金門縣金城鎮小西門珠沙里22號,道教,金門縣金城鎮小西門珠沙里22號,0,0
忠仁廟,金門縣政府,關聖帝君,金門縣烈嶼鄉,金門縣,烈嶼鄉,林湖村,金門縣烈嶼鄉西宅林湖村26號,道教,金門縣烈嶼鄉西宅林湖村26號,0,0
關聖帝廟,金門縣政府,關聖帝君,金門縣金湖鎮,金門縣,金湖鎮,溪湖里,金門縣金湖鎮下湖溪湖里32-2號,道教,金門縣金湖鎮下湖溪湖里32-2號,0,0
忠義廟,金門縣政府,關聖帝君,金門縣金寧鄉,金門縣,金寧鄉,安美村,金門縣金寧鄉東堡安美村33號,道教,金門縣金寧鄉東堡安美村33號,0,0
妙香寺,金門縣政府,蘇王爺,金門縣金湖鎮,金門縣,金湖鎮,蓮庵里,金門縣金湖鎮西埔蓮庵里,道教,金門縣金湖鎮西埔蓮庵里,0,0
伍德宮,金門縣政府,蘇府王爺,金門縣金湖鎮,金門縣,金湖鎮,新湖里,金門縣金湖鎮新頭新湖里200號,道教,金門縣金湖鎮新頭新湖里200號,0,0
觀音寺,金門縣政府,觀世音菩薩,金門縣金沙鎮,金門縣,金沙鎮,大洋里,金門縣金沙鎮東山大洋里22-1號,佛教,金門縣金沙鎮東山大洋里22-1號,0,0
天成佛殿,金門縣政府,觀音菩薩,金門縣金湖鎮,金門縣,金湖鎮,溪湖里,金門縣金湖鎮溪邊溪湖里80-2號,佛教,金門縣金湖鎮溪邊溪湖里80-2號,0,0
景山宮,金門縣政府,,金門縣金沙鎮,金門縣,金沙鎮,西園里,金門縣金沙鎮后珩西園里15號,道教,金門縣金沙鎮后珩西園里15號,0,0
鎮西宮,金門縣政府,,金門縣金寧鄉,金門縣,金寧鄉,古寧村,金門縣金寧鄉南山古寧村西境,道教,金門縣金寧鄉南山古寧村西境,0,0
雙吉宮,南投縣政府,媽祖,南投縣埔里鎮,南投縣,埔里鎮,縣埔里,南投縣埔里鎮雙吉路8之1號,道教,南投縣埔里鎮雙吉路8之1號,0,0
泰安宮,南投縣政府,福德正神,南投縣埔里鎮,南投縣,埔里鎮,縣埔里,南投縣埔里鎮民族1街61號,道教,南投縣埔里鎮民族1街61號,0,0
關聖帝君廟,南投縣政府,關聖帝君,南投縣南投市,南投縣,南投市,振興里,南投縣南投市振興巷振興里29弄18號,道教,南投縣南投市振興巷振興里29弄18號,0,0
奉天寺,南投縣政府,釋迦牟尼佛,南投縣埔里鎮,南投縣,埔里鎮,縣埔里,南投縣埔里鎮光遠1街7號,佛教,南投縣埔里鎮光遠1街7號,0,0
九天玄女宮,屏東縣政府,九天玄女,屏東縣屏東市,屏東縣,屏東市,安樂村,屏東縣屏東市安樂村安樂路33-3號,道教,屏東縣屏東市安樂村安樂路33-3號,0,0
東港鎮船頭里太子宮,屏東縣政府,三太子,屏東縣東港鎮,屏東縣,東港鎮,船頭里,屏東縣東港鎮船頭里路66號,道教,屏東縣東港鎮船頭里路66號,0,0
福德宮,屏東縣政府,土地公,屏東縣恆春鎮,屏東縣,恆春鎮,山腳里,屏東縣恆春鎮山腳里路4-2號,道教,屏東縣恆春鎮山腳里路4-2號,0,0
三清寶德宮,屏東縣政府,中壇元帥,屏東縣林邊鄉,屏東縣,林邊鄉,竹林村,屏東縣林邊鄉官埔竹林村路11號,道教,屏東縣林邊鄉官埔竹林村路11號,0,0
鎮南代天府,屏東縣政府,五年千歲,屏東縣恆春鎮,屏東縣,恆春鎮,山腳里,屏東縣恆春鎮山腳里恆南路4巷3號,道教,屏東縣恆春鎮山腳里恆南路4巷3號,0,0
屏邑慈正宮,屏東縣政府,五福大帝,屏東縣屏東市,屏東縣,屏東市,勝利里,屏東縣屏東市勝利里青島街72號,道教,屏東縣屏東市勝利里青島街72號,0,0
玉鳳宮,屏東縣政府,天上聖母,屏東縣恆春鎮,屏東縣,恆春鎮,頭溝里,屏東縣恆春鎮頭溝里(路)23號,道教,屏東縣恆春鎮頭溝里(路)23號,0,0
慈后宮,屏東縣政府,天上聖母,屏東縣里港鄉,屏東縣,里港鄉,東縣里,屏東縣里港鄉茄苳村路59號,道教,屏東縣里港鄉茄苳村路59號,0,0
廣慈宮,屏東縣政府,天上聖母,屏東縣里港鄉,屏東縣,里港鄉,東縣里,屏東縣里港鄉潮厝村(路)59號,道教,屏東縣里港鄉潮厝村(路)59號,0,0
道聖堂,屏東縣政府,太上道祖,屏東縣高樹鄉,屏東縣,高樹鄉,鹽樹村,屏東縣高樹鄉日新鹽樹村路1號,道教,屏東縣高樹鄉日新鹽樹村路1號,0,0
通明宮,屏東縣政府,太子爺,屏東縣竹田鄉,屏東縣,竹田鄉,永豐村,屏東縣竹田鄉永豐村(路)3-1號,道教,屏東縣竹田鄉永豐村(路)3-1號,0,0
東津天后宮,屏東縣政府,主母娘娘,屏東縣東港鎮,屏東縣,東港鎮,船頭里,屏東縣東港鎮船頭里路76號,道教,屏東縣東港鎮船頭里路76號,0,0
靈山聖道院,屏東縣政府,玄天上帝,屏東縣車城鄉,屏東縣,車城鄉,溫泉村,屏東縣車城鄉內埔溫泉村38-6號,道教,屏東縣車城鄉內埔溫泉村38-6號,0,0
東興宮,屏東縣政府,朱府千歲,屏東縣東港鎮,屏東縣,東港鎮,興農里,屏東縣東港鎮興農里(路)69-8號,道教,屏東縣東港鎮興農里(路)69-8號,0,0
寶安宮,屏東縣政府,池府千歲,屏東縣恆春鎮,屏東縣,恆春鎮,山海里,屏東縣恆春鎮山海里檳榔路7-1號,道教,屏東縣恆春鎮山海里檳榔路7-1號,0,0
鎮安宮,屏東縣政府,池府千歲,屏東縣九如鄉,屏東縣,九如鄉,耆老村,屏東縣九如鄉耆老村路198號,道教,屏東縣九如鄉耆老村路198號,0,0
中天殿,屏東縣政府,池府千歲,屏東縣林邊鄉,屏東縣,林邊鄉,水利村,屏東縣林邊鄉水利村豐漁路175號,道教,屏東縣林邊鄉水利村豐漁路175號,0,0
鎮南堂,屏東縣政府,吳府千歲,屏東縣枋寮鄉,屏東縣,枋寮鄉,內寮村,屏東縣枋寮鄉內寮村路23號,道教,屏東縣枋寮鄉內寮村路23號,0,0
代巡宮,屏東縣政府,李府千歲,屏東縣恆春鎮,屏東縣,恆春鎮,四溝里,屏東縣恆春鎮代巡巷四溝里三溝路63號,道教,屏東縣恆春鎮代巡巷四溝里三溝路63號,0,0
代天府中和宮,屏東縣政府,枉死城城主,屏東縣東港鎮,屏東縣,東港鎮,盛漁里,屏東縣東港鎮盛漁里街77號,道教,屏東縣東港鎮盛漁里街77號,0,0
武安宮,屏東縣政府,武安尊王,屏東縣潮州鎮,屏東縣,潮州鎮,興美里,屏東縣潮州鎮興美里興隆街,道教,屏東縣潮州鎮興美里興隆街,0,0
淨悟堂,屏東縣政府,法師公,屏東縣枋山鄉,屏東縣,枋山鄉,善餘村,屏東縣枋山鄉光復善餘村83之1號,道教,屏東縣枋山鄉光復善餘村83之1號,0,0
大潭保安宮,屏東縣政府,保生大帝,屏東縣東港鎮,屏東縣,東港鎮,大潭里,屏東縣東港鎮大潭里(路)17-9號,道教,屏東縣東港鎮大潭里(路)17-9號,0,0
慈濟宮,屏東縣政府,保生大帝,屏東縣里港鄉,屏東縣,里港鄉,東縣里,屏東縣里港鄉潮厝村(路)81之1號,道教,屏東縣里港鄉潮厝村(路)81之1號,0,0
屏東市安溪城隍宮,屏東縣政府,城隍尊神,屏東縣屏東市,屏東縣,屏東市,勝利里,屏東縣屏東市勝利里青島街78號,道教,屏東縣屏東市勝利里青島街78號,0,0
威武廟,屏東縣政府,威烈侯陳將軍,屏東縣高樹鄉,屏東縣,高樹鄉,鹽樹村,屏東縣高樹鄉自強鹽樹村路106-8號,道教,屏東縣高樹鄉自強鹽樹村路106-8號,0,0
大潭保安玉天宮,屏東縣政府,封府千歲,屏東縣東港鎮,屏東縣,東港鎮,大潭里,屏東縣東港鎮大潭里大潭路5-3號,道教,屏東縣東港鎮大潭里大潭路5-3號,0,0
高天聖殿,屏東縣政府,高武大帝,屏東縣東港鎮,屏東縣,東港鎮,興東里,屏東縣東港鎮興東里興東路179-110號,道教,屏東縣東港鎮興東里興東路179-110號,0,0
建安宮,屏東縣政府,清水祖師,屏東縣東港鎮,屏東縣,東港鎮,下部里,屏東縣東港鎮下部里下部路135號,道教,屏東縣東港鎮下部里下部路135號,0,0
萬勝宮,屏東縣政府,陳府元帥,屏東縣林邊鄉,屏東縣,林邊鄉,竹林村,屏東縣林邊鄉勝利竹林村路16-10號,道教,屏東縣林邊鄉勝利竹林村路16-10號,0,0
天慈宮,屏東縣政府,媽祖,屏東縣里港鄉,屏東縣,里港鄉,東縣里,屏東縣里港鄉玉田村路4-47號,道教,屏東縣里港鄉玉田村路4-47號,0,0
屏東光華東隆宮,屏東縣政府,溫府千歲,屏東縣屏東市,屏東縣,屏東市,光華里,屏東縣屏東市光華里福光街62號,道教,屏東縣屏東市光華里福光街62號,0,0
鎮隆宮,屏東縣政府,溫府千歲,屏東縣屏東市,屏東縣,屏東市,永安里,屏東縣屏東市永安里互助街35巷16號,道教,屏東縣屏東市永安里互助街35巷16號,0,0
萬應公祠,屏東縣政府,萬應公,屏東縣枋山鄉,屏東縣,枋山鄉,加祿村,屏東縣枋山鄉加祿村嘉和路170號,道教,屏東縣枋山鄉加祿村嘉和路170號,0,0
萬應公祠,屏東縣政府,萬應公,屏東縣恆春鎮,屏東縣,恆春鎮,山腳里,屏東縣恆春鎮山腳里路1號,道教,屏東縣恆春鎮山腳里路1號,0,0
龍華柬化堂,屏東縣政府,瑤池金母,屏東縣枋寮鄉,屏東縣,枋寮鄉,中寮村,屏東縣枋寮鄉枋寮鄉中寮村保生路6-1號,道教,屏東縣枋寮鄉枋寮鄉中寮村保生路6-1號,0,0
慶春里福德祠,屏東縣政府,福德正神,屏東縣屏東市,屏東縣,屏東市,慶春里,屏東縣屏東市慶春里福德巷32號,道教,屏東縣屏東市慶春里福德巷32號,0,0
青松宮,屏東縣政府,福德正神,屏東縣車城鄉,屏東縣,車城鄉,溫泉村,屏東縣車城鄉溫泉村(路)28-20號,道教,屏東縣車城鄉溫泉村(路)28-20號,0,0
高山巖福德宮,屏東縣政府,福德正神,屏東縣恆春鎮,屏東縣,恆春鎮,山海里,屏東縣恆春鎮山海里檳榔路9-11號,道教,屏東縣恆春鎮山海里檳榔路9-11號,0,0
慈興殿,屏東縣政府,廣澤尊王,屏東縣佳冬鄉,屏東縣,佳冬鄉,燄塭村,屏東縣佳冬鄉燄塭村泂興路3-8號,道教,屏東縣佳冬鄉燄塭村泂興路3-8號,0,0
東津隱善堂,屏東縣政府,濟公禪師,屏東縣東港鎮,屏東縣,東港鎮,興東里,屏東縣東港鎮興東里興東路252號,道教,屏東縣東港鎮興東里興東路252號,0,0
明善堂,屏東縣政府,濟公禪師,屏東縣東港鎮,屏東縣,東港鎮,興漁里,屏東縣東港鎮興漁里街62號,道教,屏東縣東港鎮興漁里街62號,0,0
青龍寺,屏東縣政府,釋迦、觀音、文殊、普賢,屏東縣車城鄉,屏東縣,車城鄉,溫泉村,屏東縣車城鄉內埔溫泉村路40之1號,佛教,屏東縣車城鄉內埔溫泉村路40之1號,0,0
淨修精舍,屏東縣政府,釋迦牟尼佛,屏東縣新園鄉,屏東縣,新園鄉,新龍村,屏東縣新園鄉新龍村臥龍路572-120號,佛教,屏東縣新園鄉新龍村臥龍路572-120號,0,0
三隆宮,屏東縣政府,觀世音佛祖,屏東縣東港鎮,屏東縣,東港鎮,興和里,屏東縣東港鎮興和里(路)130號,道教,屏東縣東港鎮興和里(路)130號,0,0
分真南方照眾寺,屏東縣政府,觀世音妙佛,屏東縣枋寮鄉,屏東縣,枋寮鄉,地利村,屏東縣枋寮鄉地利村沿海路23巷20號,佛教,屏東縣枋寮鄉地利村沿海路23巷20號,0,0
甘隆宮,屏東縣政府,觀音佛祖,屏東縣萬丹鄉,屏東縣,萬丹鄉,甘棠村,屏東縣萬丹鄉甘棠村(路)29號,道教,屏東縣萬丹鄉甘棠村(路)29號,0,0
保安寺,屏東縣政府,觀音佛祖,屏東縣東港鎮,屏東縣,東港鎮,興東里,屏東縣東港鎮興東里興東路46號,道教,屏東縣東港鎮興東里興東路46號,0,0
太子宮,屏東縣政府,觀音菩薩,屏東縣滿州鄉,屏東縣,滿州鄉,港仔村,屏東縣滿州鄉港仔村(路)38號,道教,屏東縣滿州鄉港仔村(路)38號,0,0
南天堂,苗栗縣政府,三官大帝,苗栗縣三義鄉,苗栗縣,三義鄉,雙湖村,苗栗縣三義鄉雙湖村8鄰86號,道教,苗栗縣三義鄉雙湖村8鄰86號,0,0
崁頂朝陽宮,苗栗縣政府,三府千歲,苗栗縣竹南鎮,苗栗縣,竹南鎮,新南里,苗栗縣竹南鎮崁頂新南里14鄰37號,道教,苗栗縣竹南鎮崁頂新南里14鄰37號,0,0
南衡宮,苗栗縣政府,三恩主,苗栗縣獅潭鄉,苗栗縣,獅潭鄉,獅潭村,苗栗縣獅潭鄉北庄獅潭村竹木村5鄰28號,道教,苗栗縣獅潭鄉北庄獅潭村竹木村5鄰28號,0,0
五鶴山五穀宮,苗栗縣政府,五穀大帝,苗栗縣公館鄉,苗栗縣,公館鄉,玉穀村,苗栗縣公館鄉玉穀村1鄰11號,道教,苗栗縣公館鄉玉穀村1鄰11號,0,0
慈護宮,苗栗縣政府,天上聖母,苗栗縣苑裡鎮,苗栗縣,苑裡鎮,山腳里,苗栗縣苑裡鎮山腳里14鄰378號,道教,苗栗縣苑裡鎮山腳里14鄰378號,0,0
慈安宮,苗栗縣政府,天上聖母,苗栗縣後龍鎮,苗栗縣,後龍鎮,新民里,苗栗縣後龍鎮西社新民里15鄰143-4號,道教,苗栗縣後龍鎮西社新民里15鄰143-4號,0,0
天文宮,苗栗縣政府,天極上帝,苗栗縣竹南鎮,苗栗縣,竹南鎮,新南里,苗栗縣竹南鎮三角店新南里7鄰31號,道教,苗栗縣竹南鎮三角店新南里7鄰31號,0,0
公館北龍宮,苗栗縣政府,玄天上帝,苗栗縣竹南鎮,苗栗縣,竹南鎮,公館里,苗栗縣竹南鎮公館里6鄰700之1號,道教,苗栗縣竹南鎮公館里6鄰700之1號,0,0
無極聖皇宮,苗栗縣政府,玉皇大帝,苗栗縣造橋鄉,苗栗縣,造橋鄉,龍昇村,苗栗縣造橋鄉山仔頂龍昇村12鄰21號,道教,苗栗縣造橋鄉山仔頂龍昇村12鄰21號,0,0
萬善公祠,苗栗縣政府,地藏王菩薩,苗栗縣竹南鎮,苗栗縣,竹南鎮,新南里,苗栗縣竹南鎮崁頂新南里24鄰58之22號,道教,苗栗縣竹南鎮崁頂新南里24鄰58之22號,0,0
福陽宮,苗栗縣政府,池府元帥,苗栗縣造橋鄉,苗栗縣,造橋鄉,朝陽村,苗栗縣造橋鄉海埔仔朝陽村9鄰24之4號,道教,苗栗縣造橋鄉海埔仔朝陽村9鄰24之4號,0,0
清泉寺,苗栗縣政府,西方三聖,苗栗縣造橋鄉,苗栗縣,造橋鄉,談文村,苗栗縣造橋鄉小鼓坑談文村10鄰8號,佛教,苗栗縣造橋鄉小鼓坑談文村10鄰8號,0,0
靈龍山宣元寺,苗栗縣政府,西方三聖,苗栗縣頭份市,苗栗縣,頭份市,流東里,苗栗縣頭份市老崎流東里34號,佛教,苗栗縣頭份市老崎流東里34號,0,0
無極玄聖宮,苗栗縣政府,西王金母,苗栗縣苑裡鎮,苗栗縣,苑裡鎮,城南里,苗栗縣苑裡鎮城南里4鄰51之1號,道教,苗栗縣苑裡鎮城南里4鄰51之1號,0,0
順行慈惠堂,苗栗縣政府,西王金母,苗栗縣竹南鎮,苗栗縣,竹南鎮,崎頂里,苗栗縣竹南鎮牧場崎頂里2鄰8之20號,道教,苗栗縣竹南鎮牧場崎頂里2鄰8之20號,0,0
聖天宮,苗栗縣政府,邪府王爺,苗栗縣竹南鎮,苗栗縣,竹南鎮,照南里,苗栗縣竹南鎮竹南照南里4鄰9號,道教,苗栗縣竹南鎮竹南照南里4鄰9號,0,0
天賜佛院,苗栗縣政府,明明上帝,苗栗縣造橋鄉,苗栗縣,造橋鄉,豐湖村,苗栗縣造橋鄉阿義埤豐湖村11鄰8之2號,一貫道,苗栗縣造橋鄉阿義埤豐湖村11鄰8之2號,0,0
明光寺,苗栗縣政府,阿彌陀佛,苗栗縣頭份市,苗栗縣,頭份市,民生里,苗栗縣頭份市新屋家民生里2鄰74號,佛教,苗栗縣頭份市新屋家民生里2鄰74號,0,0
五文宮,苗栗縣政府,神農大帝,苗栗縣獅潭鄉,苗栗縣,獅潭鄉,獅潭村,苗栗縣獅潭鄉和興獅潭村8鄰13號,道教,苗栗縣獅潭鄉和興獅潭村8鄰13號,0,0
雲洞宮,苗栗縣政府,開臺聖王,苗栗縣頭屋鄉,苗栗縣,頭屋鄉,鳴鳳村,苗栗縣頭屋鄉三湖鳴鳳村6鄰20號,道教,苗栗縣頭屋鄉三湖鳴鳳村6鄰20號,0,0
溫靈宮,苗栗縣政府,溫府千歲,苗栗縣竹南鎮,苗栗縣,竹南鎮,港墘里,苗栗縣竹南鎮塭仔頭港墘里13鄰1之26號,道教,苗栗縣竹南鎮塭仔頭港墘里13鄰1之26號,0,0
開基福德祠,苗栗縣政府,福德正神,苗栗縣銅鑼鄉,苗栗縣,銅鑼鄉,銅鑼村,苗栗縣銅鑼鄉東田洋銅鑼村20鄰,道教,苗栗縣銅鑼鄉東田洋銅鑼村20鄰,0,0
龍洲宮,苗栗縣政府,福德正神,苗栗縣竹南鎮,苗栗縣,竹南鎮,崎頂里,苗栗縣竹南鎮青草崎頂里1鄰8-13號,道教,苗栗縣竹南鎮青草崎頂里1鄰8-13號,0,0
正義福德宮,苗栗縣政府,福德正神,苗栗縣竹南鎮,苗栗縣,竹南鎮,公義里,苗栗縣竹南鎮大坪公義里6鄰16之6號,道教,苗栗縣竹南鎮大坪公義里6鄰16之6號,0,0
福德祠,苗栗縣政府,福德正神,苗栗縣頭份市,苗栗縣,頭份市,土牛里,苗栗縣頭份市頭份一小段327地號(聯絡處：裕賢宮：土牛里6鄰66號),道教,苗栗縣頭份市頭份一小段327地號(聯絡處：裕賢宮：土牛里6鄰66號),0,0
廣澤宮,苗栗縣政府,廣澤尊王,苗栗縣竹南鎮,苗栗縣,竹南鎮,開元里,苗栗縣竹南鎮下街仔開元里8鄰37之3號,道教,苗栗縣竹南鎮下街仔開元里8鄰37之3號,0,0
聖靈宮,苗栗縣政府,關聖帝君,苗栗縣西湖鄉,苗栗縣,西湖鄉,五湖村,苗栗縣西湖鄉茅仔埔五湖村17鄰241號,道教,苗栗縣西湖鄉茅仔埔五湖村17鄰241號,0,0
關聖宮,苗栗縣政府,關聖帝君,苗栗縣三義鄉,苗栗縣,三義鄉,雙潭村,苗栗縣三義鄉雙潭村6鄰86之24號,道教,苗栗縣三義鄉雙潭村6鄰86之24號,0,0
明新堂,苗栗縣政府,關聖帝君,苗栗縣銅鑼鄉,苗栗縣,銅鑼鄉,銅鑼村,苗栗縣銅鑼鄉東田洋銅鑼村22鄰35號,道教,苗栗縣銅鑼鄉東田洋銅鑼村22鄰35號,0,0
靈天禪寺,苗栗縣政府,釋迦牟尼佛,苗栗縣造橋鄉,苗栗縣,造橋鄉,龍昇村,苗栗縣造橋鄉新庄仔龍昇村10鄰12號,佛教,苗栗縣造橋鄉新庄仔龍昇村10鄰12號,0,0
法華寺,苗栗縣政府,釋迦牟尼佛,苗栗縣三灣鄉,苗栗縣,三灣鄉,永和村,苗栗縣三灣鄉九份寮永和村2鄰46號,佛教,苗栗縣三灣鄉九份寮永和村2鄰46號,0,0
寶平寺,苗栗縣政府,釋迦牟尼佛,苗栗縣頭份市,苗栗縣,頭份市,濫坑里,苗栗縣頭份市藤坪濫坑里4鄰42號,佛教,苗栗縣頭份市藤坪濫坑里4鄰42號,0,0
崇佛寺,苗栗縣政府,釋迦牟尼佛,苗栗縣頭份市,苗栗縣,頭份市,濫坑里,苗栗縣頭份市藤坪濫坑里7鄰165號,佛教,苗栗縣頭份市藤坪濫坑里7鄰165號,0,0
觀音淨苑,苗栗縣政府,釋迦牟尼佛,苗栗縣苗栗市,苗栗縣,苗栗市,新川里,苗栗縣苗栗市大坑新川里4鄰16-13號,佛教,苗栗縣苗栗市大坑新川里4鄰16-13號,0,0
宏善堂,苗栗縣政府,觀世音菩薩,苗栗縣銅鑼鄉,苗栗縣,銅鑼鄉,朝陽村,苗栗縣銅鑼鄉朝北朝陽村4鄰47號,道教,苗栗縣銅鑼鄉朝北朝陽村4鄰47號,0,0
天后宮,苗栗縣政府,觀世音菩薩,苗栗縣三義鄉,苗栗縣,三義鄉,雙潭村,苗栗縣三義鄉雙潭村2鄰39之1號,道教,苗栗縣三義鄉雙潭村2鄰39之1號,0,0
心眼道場,苗栗縣政府,觀音菩薩,苗栗縣苗栗市,苗栗縣,苗栗市,新川里,苗栗縣苗栗市龍岡新川里6號,佛教,苗栗縣苗栗市龍岡新川里6號,0,0
三仙宮,苗栗縣政府,,苗栗縣通霄鎮,苗栗縣,通霄鎮,梅南里,苗栗縣通霄鎮南和梅南里6鄰路二段458號,道教,苗栗縣通霄鎮南和梅南里6鄰路二段458號,0,0
三和三元宮,桃園市政府,三官大帝,桃園市龍潭區,桃園市,龍潭區,三和村,桃園市龍潭區直坑三和村10鄰21號,道教,桃園市龍潭區直坑三和村10鄰21號,0,0
臺安宮,桃園市政府,五府千歲,桃園市大園區,桃園市,大園區,南港村,桃園市大園區許厝港南港村4鄰103-41號,道教,桃園市大園區許厝港南港村4鄰103-41號,0,0
永興宮,桃園市政府,天上聖母,桃園市觀音區,桃園市,觀音區,大同村,桃園市觀音區下大堀大同村9鄰103號,道教,桃園市觀音區下大堀大同村9鄰103號,0,0
台北五賢宮,桃園市政府,太子爺,桃園市龜山區,桃園市,龜山區,龍壽村,桃園市龜山區關公嶺龍壽村28鄰7號,道教,桃園市龜山區關公嶺龍壽村28鄰7號,0,0
蓮華精舍,桃園市政府,西方三聖,桃園市觀音區,桃園市,觀音區,藍埔里,桃園市觀音區青埔藍埔里11鄰52之22號,佛教,桃園市觀音區青埔藍埔里11鄰52之22號,0,0
靈山聖地北靈宮,桃園市政府,真武大帝,桃園市龜山區,桃園市,龜山區,龍壽村,桃園市龜山區大青坑龍壽村17鄰12之1號,道教,桃園市龜山區大青坑龍壽村17鄰12之1號,0,0
靝龍堂,桃園市政府,圓通自在天尊,桃園市大園區,桃園市,大園區,南港村,桃園市大園區許厝港南港村3鄰85-1號,道教,桃園市大園區許厝港南港村3鄰85-1號,0,0
玉寶宮,桃園市政府,圓通自在天尊,桃園市龜山區,桃園市,龜山區,大坑村,桃園市龜山區員林坑大坑村9鄰15-6號,道教,桃園市龜山區員林坑大坑村9鄰15-6號,0,0
法化寺,桃園市政府,圓通自在天尊,桃園市大園區,桃園市,大園區,圳頭村,桃園市大園區後館圳頭村2鄰25號,道教,桃園市大園區後館圳頭村2鄰25號,0,0
永福宮,桃園市政府,福德正神,桃園市大溪區,桃園市,大溪區,仁和里,桃園市大溪區19鄰仁和里士香街172號,道教,桃園市大溪區19鄰仁和里士香街172號,0,0
五權村福德宮,桃園市政府,福德正神,桃園市大園區,桃園市,大園區,五權村,桃園市大園區下埔五權村4鄰47-3號,道教,桃園市大園區下埔五權村4鄰47-3號,0,0
精忠龍德宮,桃園市政府,福德正神,桃園市龜山區,桃園市,龜山區,精忠村,桃園市龜山區光峰精忠村光峰路111巷26號,道教,桃園市龜山區光峰精忠村光峰路111巷26號,0,0
誠聖宮,桃園市政府,關聖帝君,桃園市蘆竹區,桃園市,蘆竹區,坑口村,桃園市蘆竹區頭前坑口村16鄰40-2號,道教,桃園市蘆竹區頭前坑口村16鄰40-2號,0,0
龍潭天后宮,高雄市政府,天上聖母,高雄市內門區,高雄市,內門區,東埔里,高雄市內門區龍潭東埔里22號,道教,高雄市內門區龍潭東埔里22號,0,0
興天宮,高雄市政府,天上聖母,高雄市內門區,高雄市,內門區,溝坪里,高雄市內門區廣福溝坪里40號,道教,高雄市內門區廣福溝坪里40號,0,0
埔尾天后宮,高雄市政府,天上聖母,高雄市內門區,高雄市,內門區,瑞山里,高雄市內門區埔尾瑞山里1鄰12-1號,道教,高雄市內門區埔尾瑞山里1鄰12-1號,0,0
東興宮,高雄市政府,太陽星君,高雄市林園區,高雄市,林園區,溪洲里,高雄市林園區溪洲里溪洲一路56巷3號,道教,高雄市林園區溪洲里溪洲一路56巷3號,0,0
天山文衙殿,高雄市政府,文衡關聖帝君,高雄市內門區,高雄市,內門區,金竹里,高雄市內門區吉民金竹里1鄰52~10號,道教,高雄市內門區吉民金竹里1鄰52~10號,0,0
港龍宮,高雄市政府,池府千歲,高雄市林園區,高雄市,林園區,港埔里,高雄市林園區港埔里港埔路42號,道教,高雄市林園區港埔里港埔路42號,0,0
山南宮,高雄市政府,池府千歲,高雄市內門區,高雄市,內門區,內東里,高雄市內門區州界內東里13鄰9號,道教,高雄市內門區州界內東里13鄰9號,0,0
蓮華精舍,高雄市政府,西方三聖,高雄市內門區,高雄市,內門區,永吉里,高雄市內門區玉門永吉里40號,佛教,高雄市內門區玉門永吉里40號,0,0
觀音亭佛堂,高雄市政府,西方三聖,高雄市內門區,高雄市,內門區,內南里,高雄市內門區大坑內南里3-5號,佛教,高雄市內門區大坑內南里3-5號,0,0
龍鳳宮,高雄市政府,協天大帝,高雄市內門區,高雄市,內門區,永興里,高雄市內門區坑口永興里13號,道教,高雄市內門區坑口永興里13號,0,0
朝元宮,高雄市政府,真武大帝,高雄市內門區,高雄市,內門區,永吉里,高雄市內門區新生永吉里18號,道教,高雄市內門區新生永吉里18號,0,0
神農宮,高雄市政府,神農大帝,高雄市內門區,高雄市,內門區,內東里,高雄市內門區夏梅林內東里4鄰3-1號,道教,高雄市內門區夏梅林內東里4鄰3-1號,0,0
張公聖君廟,高雄市政府,張公聖君,高雄市內門區,高雄市,內門區,溝坪里,高雄市內門區廣興溝坪里23~6號,道教,高雄市內門區廣興溝坪里23~6號,0,0
玉旨三真宮,高雄市政府,清水祖師,高雄市內門區,高雄市,內門區,光興里,高雄市內門區石車光興里3-6號,道教,高雄市內門區石車光興里3-6號,0,0
朝天宮,高雄市政府,媽祖,高雄市內門區,高雄市,內門區,三平里,高雄市內門區二埔三平里4-1號,道教,高雄市內門區二埔三平里4-1號,0,0
慈雲宮,高雄市政府,媽袓天上聖母,高雄市內門區,高雄市,內門區,內東里,高雄市內門區虎頭山內東里1鄰1號,佛教,高雄市內門區虎頭山內東里1鄰1號,0,0
光明王寺,高雄市政府,摩訶毘盧遮那佛,高雄市內門區,高雄市,內門區,永興里,高雄市內門區頂庄永興里32-3號,佛教,高雄市內門區頂庄永興里32-3號,0,0
子和宮,高雄市政府,彌勒佛,高雄市內門區,高雄市,內門區,永興里,高雄市內門區頂庄永興里85號,一貫道,高雄市內門區頂庄永興里85號,0,0
啟源道院,高雄市政府,彌勒祖師,高雄市內門區,高雄市,內門區,永興里,高雄市內門區頂庄永興里5鄰16之2號,道教,高雄市內門區頂庄永興里5鄰16之2號,0,0
聚善堂,高雄市政府,濟公活佛,高雄市內門區,高雄市,內門區,永富里,高雄市內門區龍山永富里11號,道教,高雄市內門區龍山永富里11號,0,0
高雄東照山關帝廟,高雄市政府,關聖帝君,高雄市大樹區,高雄市,大樹區,小坪里,高雄市大樹區小坪里忠義路1號,道教,高雄市大樹區小坪里忠義路1號,0,0
紫竹林精舍,高雄市政府,釋迦牟尼佛,高雄市鳳山區,高雄市,鳳山區,武漢里,高雄市鳳山區武漢里漢慶街60號,佛教,高雄市鳳山區武漢里漢慶街60號,0,0
正德佛堂,高雄市政府,觀世音菩薩,高雄市鳥松區,高雄市,鳥松區,大華里,高雄市鳥松區大華里本館路44之8號,佛教,高雄市鳥松區大華里本館路44之8號,0,0
金龍寺,高雄市政府,觀音佛祖,高雄市內門區,高雄市,內門區,金竹里,高雄市內門區吉民金竹里47-2號,道教,高雄市內門區吉民金竹里47-2號,0,0
內門龍山寺,高雄市政府,觀音佛祖,高雄市內門區,高雄市,內門區,內門里,高雄市內門區學子李內門里11鄰9號,佛教,高雄市內門區學子李內門里11鄰9號,0,0
內門南海紫竹寺,高雄市政府,觀音佛祖,高雄市內門區,高雄市,內門區,內豐里,高雄市內門區內埔內豐里12鄰82號,佛教,高雄市內門區內埔內豐里12鄰82號,0,0
泰山巖,基隆市政府,顯應祖師,基隆市七堵區,基隆市,七堵區,友一里,基隆市七堵區華友一里新一路94號,道教,基隆市七堵區華友一里新一路94號,0,0
白馬尊王廟,連江縣政府,白馬尊王,連江縣東引鄉,連江縣,東引鄉,鄉華村,連江縣東引鄉華村浮動碼頭旁,道教,連江縣東引鄉華村浮動碼頭旁,0,0
華陽府,雲林縣政府,丁府八千歲,雲林縣臺西鄉,雲林縣,臺西鄉,光華村,雲林縣臺西鄉光華村路100-1號,道教,雲林縣臺西鄉光華村路100-1號,0,0
禪和宮,雲林縣政府,三山國王,雲林縣二崙鄉,雲林縣,二崙鄉,庄西村,雲林縣二崙鄉公館庄西村路15之1號,道教,雲林縣二崙鄉公館庄西村路15之1號,0,0
參天府,雲林縣政府,三府千歲,雲林縣四湖鄉,雲林縣,四湖鄉,羊調村,雲林縣四湖鄉羊調村中洋北路100號,道教,雲林縣四湖鄉羊調村中洋北路100號,0,0
福安宮,雲林縣政府,土地公,雲林縣褒忠鄉,雲林縣,褒忠鄉,中勝村,雲林縣褒忠鄉中勝村13鄰366號,道教,雲林縣褒忠鄉中勝村13鄰366號,0,0
東和村福德宮,雲林縣政府,土地公,雲林縣古坑鄉,雲林縣,古坑鄉,東和村,雲林縣古坑鄉東和村東陽段1764號,道教,雲林縣古坑鄉東和村東陽段1764號,0,0
眾善寺,雲林縣政府,大眾爺,雲林縣西螺鎮,雲林縣,西螺鎮,正興里,雲林縣西螺鎮興正興里農西路109號,道教,雲林縣西螺鎮興正興里農西路109號,0,0
無極補天宮,雲林縣政府,女媧娘娘,雲林縣莿桐鄉,雲林縣,莿桐鄉,大美村,雲林縣莿桐鄉大美村溪美路55號,道教,雲林縣莿桐鄉大美村溪美路55號,0,0
玄武宮,雲林縣政府,中壇元帥,雲林縣大埤鄉,雲林縣,大埤鄉,三結村,雲林縣大埤鄉中埤三結村38號,道教,雲林縣大埤鄉中埤三結村38號,0,0
龍雲宮,雲林縣政府,中壇元帥,雲林縣斗六市,雲林縣,斗六市,江厝里,雲林縣斗六市江厝里廍子11號,道教,雲林縣斗六市江厝里廍子11號,0,0
帥天宮,雲林縣政府,中壇太子元帥,雲林縣虎尾鎮,雲林縣,虎尾鎮,興中里,雲林縣虎尾鎮興中里路133號,道教,雲林縣虎尾鎮興中里路133號,0,0
侯興宮,雲林縣政府,五年千歲,雲林縣臺西鄉,雲林縣,臺西鄉,溪頂村,雲林縣臺西鄉溪頂村尚德段1222號,道教,雲林縣臺西鄉溪頂村尚德段1222號,0,0
聚東宮,雲林縣政府,五府三千歲,雲林縣臺西鄉,雲林縣,臺西鄉,和豐村,雲林縣臺西鄉萬興和豐村33鄰46之26號,道教,雲林縣臺西鄉萬興和豐村33鄰46之26號,0,0
興仙廟,雲林縣政府,五府千歲,雲林縣口湖鄉,雲林縣,口湖鄉,蚵寮村,雲林縣口湖鄉蚵寮村蚵寮28號,道教,雲林縣口湖鄉蚵寮村蚵寮28號,0,0
福天宮,雲林縣政府,五府千歲,雲林縣口湖鄉,雲林縣,口湖鄉,蚵寮村,雲林縣口湖鄉蚵寮村四維街45號,道教,雲林縣口湖鄉蚵寮村四維街45號,0,0
新興宮,雲林縣政府,五府千歲,雲林縣四湖鄉,雲林縣,四湖鄉,三姓村,雲林縣四湖鄉中興三姓村18之1號,道教,雲林縣四湖鄉中興三姓村18之1號,0,0
德安宮,雲林縣政府,五府千歲,雲林縣北港鎮,雲林縣,北港鎮,劉厝里,雲林縣北港鎮劉厝里116之1,道教,雲林縣北港鎮劉厝里116之1,0,0
福安宮,雲林縣政府,五府千歲,雲林縣麥寮鄉,雲林縣,麥寮鄉,興華村,雲林縣麥寮鄉興化興華村厝39號,道教,雲林縣麥寮鄉興化興華村厝39號,0,0
保安宮,雲林縣政府,元帥爺公,雲林縣大埤鄉,雲林縣,大埤鄉,南和村,雲林縣大埤鄉妮姑庵南和村,道教,雲林縣大埤鄉妮姑庵南和村,0,0
福天宮,雲林縣政府,天上聖母,雲林縣莿桐鄉,雲林縣,莿桐鄉,興桐村,雲林縣莿桐鄉振興興桐村路55號,道教,雲林縣莿桐鄉振興興桐村路55號,0,0
錫福宮,雲林縣政府,天上聖母,雲林縣莿桐鄉,雲林縣,莿桐鄉,埔子村,雲林縣莿桐鄉埔子村59號,道教,雲林縣莿桐鄉埔子村59號,0,0
和興宮,雲林縣政府,天上聖母,雲林縣莿桐鄉,雲林縣,莿桐鄉,興貴村,雲林縣莿桐鄉興貴村興中路35號,道教,雲林縣莿桐鄉興貴村興中路35號,0,0
嘉東北天宮,雲林縣政府,天上聖母,雲林縣斗六市,雲林縣,斗六市,嘉東里,雲林縣斗六市嘉東里嘉東中路21號,道教,雲林縣斗六市嘉東里嘉東中路21號,0,0
福天宮,雲林縣政府,天上聖母,雲林縣西螺鎮,雲林縣,西螺鎮,福田里,雲林縣西螺鎮福田里7鄰社口段88號,道教,雲林縣西螺鎮福田里7鄰社口段88號,0,0
潮洋宮,雲林縣政府,天上聖母,雲林縣褒忠鄉,雲林縣,褒忠鄉,潮厝村,雲林縣褒忠鄉潮厝村30號,道教,雲林縣褒忠鄉潮厝村30號,0,0
天聖宮,雲林縣政府,天上聖母,雲林縣斗六市,雲林縣,斗六市,長平里,雲林縣斗六市長平里長平北路17號,道教,雲林縣斗六市長平里長平北路17號,0,0
天后宮,雲林縣政府,天上聖母,雲林縣二崙鄉,雲林縣,二崙鄉,大義村,雲林縣二崙鄉大義村大義46號,道教,雲林縣二崙鄉大義村大義46號,0,0
聖元宮,雲林縣政府,天上聖母,雲林縣崙背鄉,雲林縣,崙背鄉,大有村,雲林縣崙背鄉大有村新豐路3號,道教,雲林縣崙背鄉大有村新豐路3號,0,0
福心宮,雲林縣政府,天上聖母,雲林縣西螺鎮,雲林縣,西螺鎮,安定里,雲林縣西螺鎮安定里11鄰182號,道教,雲林縣西螺鎮安定里11鄰182號,0,0
泰安宮,雲林縣政府,天上聖母,雲林縣大埤鄉,雲林縣,大埤鄉,嘉興村,雲林縣大埤鄉嘉興村路30號,道教,雲林縣大埤鄉嘉興村路30號,0,0
聖母宮,雲林縣政府,天上聖母,雲林縣東勢鄉,雲林縣,東勢鄉,月眉村,雲林縣東勢鄉媽埔月眉村19鄰20號,道教,雲林縣東勢鄉媽埔月眉村19鄰20號,0,0
雙人厝鎮后宮,雲林縣政府,天上聖母,雲林縣土庫鎮,雲林縣,土庫鎮,後埔里,雲林縣土庫鎮土庫鎮後埔里雙人厝45-1號,道教,雲林縣土庫鎮土庫鎮後埔里雙人厝45-1號,0,0
南清宮,雲林縣政府,天上聖母、夫人七姊妹,雲林縣臺西鄉,雲林縣,臺西鄉,永豐村,雲林縣臺西鄉溝南永豐村2號,道教,雲林縣臺西鄉溝南永豐村2號,0,0
德修道院,雲林縣政府,文衡聖帝,雲林縣崙背鄉,雲林縣,崙背鄉,豐榮村,雲林縣崙背鄉豐榮村4鄰9號,佛教,雲林縣崙背鄉豐榮村4鄰9號,0,0
慈天必生宮,雲林縣政府,王母娘娘,雲林縣大埤鄉,雲林縣,大埤鄉,三結村,雲林縣大埤鄉中埤三結村路21號,道教,雲林縣大埤鄉中埤三結村路21號,0,0
武安洲廟,雲林縣政府,包府千歲,雲林縣元長鄉,雲林縣,元長鄉,鹿北村,雲林縣元長鄉鹿北村10鄰竹圍21號,道教,雲林縣元長鄉鹿北村10鄰竹圍21號,0,0
包青天廟,雲林縣政府,包青天,雲林縣虎尾鎮,雲林縣,虎尾鎮,東屯里,雲林縣虎尾鎮大屯東屯里,道教,雲林縣虎尾鎮大屯東屯里,0,0
北玄宮,雲林縣政府,北極玄天上帝,雲林縣麥寮鄉,雲林縣,麥寮鄉,崙後村,雲林縣麥寮鄉沙崙後崙後村6鄰141號,道教,雲林縣麥寮鄉沙崙後崙後村6鄰141號,0,0
林頭北天宮,雲林縣政府,北極玄天上帝,雲林縣斗六市,雲林縣,斗六市,林頭里,雲林縣斗六市林頭里林頭路30號,道教,雲林縣斗六市林頭里林頭路30號,0,0
永安宮,雲林縣政府,北極玄天上帝,雲林縣林內鄉,雲林縣,林內鄉,烏麻村,雲林縣林內鄉永安烏麻村3鄰69之1號,道教,雲林縣林內鄉永安烏麻村3鄰69之1號,0,0
鎮東宮,雲林縣政府,北極玄天上帝,雲林縣麥寮鄉,雲林縣,麥寮鄉,麥豐村,雲林縣麥寮鄉中山麥豐村6鄰路43號,道教,雲林縣麥寮鄉中山麥豐村6鄰路43號,0,0
乾元宮,雲林縣政府,玄天上帝,雲林縣莿桐鄉,雲林縣,莿桐鄉,興貴村,雲林縣莿桐鄉興貴村興南路48號,道教,雲林縣莿桐鄉興貴村興南路48號,0,0
北安宮,雲林縣政府,玄天上帝,雲林縣斗南鎮,雲林縣,斗南鎮,阿丹里,雲林縣斗南鎮阿丹里14號,道教,雲林縣斗南鎮阿丹里14號,0,0
玉當山,雲林縣政府,玄天上帝,雲林縣斗六市,雲林縣,斗六市,湖山里,雲林縣斗六市湖山里檨林路50號,道教,雲林縣斗六市湖山里檨林路50號,0,0
大乾宮,雲林縣政府,玄天上帝,雲林縣斗六市,雲林縣,斗六市,鎮北里,雲林縣斗六市鎮北里鎮北路234號,道教,雲林縣斗六市鎮北里鎮北路234號,0,0
進興宮,雲林縣政府,玄天上帝,雲林縣斗南鎮,雲林縣,斗南鎮,阿丹里,雲林縣斗南鎮阿丹里崙仔76號-2,道教,雲林縣斗南鎮阿丹里崙仔76號-2,0,0
大年宮,雲林縣政府,玄天上帝,雲林縣斗六市,雲林縣,斗六市,崙峯里,雲林縣斗六市崙峯里仁義路44號,道教,雲林縣斗六市崙峯里仁義路44號,0,0
北安宮,雲林縣政府,玄天上帝,雲林縣四湖鄉,雲林縣,四湖鄉,飛沙村,雲林縣四湖鄉頂飛沙飛沙村40號,道教,雲林縣四湖鄉頂飛沙飛沙村40號,0,0
真武殿,雲林縣政府,玄天上帝,雲林縣斗南鎮,雲林縣,斗南鎮,明昌里,雲林縣斗南鎮二重溝明昌里92號,道教,雲林縣斗南鎮二重溝明昌里92號,0,0
鎮南宮,雲林縣政府,玄天上帝,雲林縣西螺鎮,雲林縣,西螺鎮,中和里,雲林縣西螺鎮中和里修文路28巷27號,道教,雲林縣西螺鎮中和里修文路28巷27號,0,0
受山宮,雲林縣政府,玄天上帝,雲林縣古坑鄉,雲林縣,古坑鄉,永光村,雲林縣古坑鄉永光村光山路17號之1,道教,雲林縣古坑鄉永光村光山路17號之1,0,0
真武宮,雲林縣政府,玄天上帝,雲林縣大埤鄉,雲林縣,大埤鄉,嘉興村,雲林縣大埤鄉豐興嘉興村12號,道教,雲林縣大埤鄉豐興嘉興村12號,0,0
泰德堂,雲林縣政府,玄天上帝,雲林縣大埤鄉,雲林縣,大埤鄉,三結村,雲林縣大埤鄉埤頭三結村313號,道教,雲林縣大埤鄉埤頭三結村313號,0,0
玄德宮,雲林縣政府,玄天上帝,雲林縣林內鄉,雲林縣,林內鄉,林中村,雲林縣林內鄉林中村榮譽路20號,道教,雲林縣林內鄉林中村榮譽路20號,0,0
天衡宮,雲林縣政府,"玉皇大天尊,無極瑤池金母",雲林縣崙背鄉,雲林縣,崙背鄉,東明村,雲林縣崙背鄉東明村民權路8號,道教,雲林縣崙背鄉東明村民權路8號,0,0
任聖宮,雲林縣政府,任聖公,雲林縣大埤鄉,雲林縣,大埤鄉,聯美村,雲林縣大埤鄉聯美村4鄰,道教,雲林縣大埤鄉聯美村4鄰,0,0
晉安宮,雲林縣政府,伍年千歲,雲林縣四湖鄉,雲林縣,四湖鄉,溪尾村,雲林縣四湖鄉南溪尾溪尾村100號,道教,雲林縣四湖鄉南溪尾溪尾村100號,0,0
新社百姓堂,雲林縣政府,地藏王,雲林縣西螺鎮,雲林縣,西螺鎮,新豐里,雲林縣西螺鎮新豐里229號,佛教,雲林縣西螺鎮新豐里229號,0,0
北嶽殿,雲林縣政府,地藏王,雲林縣麥寮鄉,雲林縣,麥寮鄉,海豐村,雲林縣麥寮鄉忠和海豐村1鄰路24之7號,佛教,雲林縣麥寮鄉忠和海豐村1鄰路24之7號,0,0
社口百姓公廟,雲林縣政府,地藏王菩薩,雲林縣西螺鎮,雲林縣,西螺鎮,福田里,雲林縣西螺鎮福田里社西段626號,道教,雲林縣西螺鎮福田里社西段626號,0,0
保安公廟,雲林縣政府,有應公,雲林縣臺西鄉,雲林縣,臺西鄉,蚊港村,雲林縣臺西鄉三姓蚊港村寮,道教,雲林縣臺西鄉三姓蚊港村寮,0,0
代安宮,雲林縣政府,朱府千歲,雲林縣土庫鎮,雲林縣,土庫鎮,西平里,雲林縣土庫鎮西平里山仔腳,道教,雲林縣土庫鎮西平里山仔腳,0,0
啟興宮,雲林縣政府,池王爺,雲林縣西螺鎮,雲林縣,西螺鎮,福興里,雲林縣西螺鎮福興里建興路336號,道教,雲林縣西螺鎮福興里建興路336號,0,0
照天宮,雲林縣政府,池府千歲,雲林縣斗南鎮,雲林縣,斗南鎮,新南里,雲林縣斗南鎮新南里南勢3511號,道教,雲林縣斗南鎮新南里南勢3511號,0,0
南天府,雲林縣政府,池府千歲,雲林縣臺西鄉,雲林縣,臺西鄉,海南村,雲林縣臺西鄉海南村文化路287之7,道教,雲林縣臺西鄉海南村文化路287之7,0,0
鎮湖府,雲林縣政府,池府千歲,雲林縣土庫鎮,雲林縣,土庫鎮,奮起里,雲林縣土庫鎮綺湖奮起里96號,道教,雲林縣土庫鎮綺湖奮起里96號,0,0
泰安殿,雲林縣政府,池府王爺,雲林縣大埤鄉,雲林縣,大埤鄉,三結村,雲林縣大埤鄉頂埤三結村10號,道教,雲林縣大埤鄉頂埤三結村10號,0,0
萬善堂,雲林縣政府,百姓公,雲林縣虎尾鎮,雲林縣,虎尾鎮,惠來里,雲林縣虎尾鎮惠來里惠來公墓內,道教,雲林縣虎尾鎮惠來里惠來公墓內,0,0
老賽公廟,雲林縣政府,老賽公佛,雲林縣麥寮鄉,雲林縣,麥寮鄉,麥津村,雲林縣麥寮鄉麥津村中興路158號,道教,雲林縣麥寮鄉麥津村中興路158號,0,0
崙豐慈惠宮,雲林縣政府,西王金母,雲林縣臺西鄉,雲林縣,臺西鄉,和豐村,雲林縣臺西鄉和豐村海產路134號,道教,雲林縣臺西鄉和豐村海產路134號,0,0
龍善宮,雲林縣政府,伯聖尊王,雲林縣虎尾鎮,雲林縣,虎尾鎮,東仁里,雲林縣虎尾鎮東仁里東仁路138號,道教,雲林縣虎尾鎮東仁里東仁路138號,0,0
鎮安宮,雲林縣政府,吳府三王,雲林縣二崙鄉,雲林縣,二崙鄉,庄西村,雲林縣二崙鄉洲子庄西村11鄰51號,道教,雲林縣二崙鄉洲子庄西村11鄰51號,0,0
調天宮,雲林縣政府,李府千歲,雲林縣口湖鄉,雲林縣,口湖鄉,梧北村,雲林縣口湖鄉梧北村8鄰復興路144號,道教,雲林縣口湖鄉梧北村8鄰復興路144號,0,0
開復廟,雲林縣政府,延平郡王,雲林縣林內鄉,雲林縣,林內鄉,林南村,雲林縣林內鄉林南村成功路48號,道教,雲林縣林內鄉林南村成功路48號,0,0
忠義祠,雲林縣政府,忠義公,雲林縣斗南鎮,雲林縣,斗南鎮,明昌里,雲林縣斗南鎮明昌里延平路702之1號,道教,雲林縣斗南鎮明昌里延平路702之1號,0,0
興濟宮,雲林縣政府,明明上帝,雲林縣土庫鎮,雲林縣,土庫鎮,溪邊里,雲林縣土庫鎮溪邊里溪埔寮50號,一貫道,雲林縣土庫鎮溪邊里溪埔寮50號,0,0
回春寺,雲林縣政府,明明上帝,雲林縣斗六市,雲林縣,斗六市,湖山里,雲林縣斗六市湖山里檨林路83號,一貫道,雲林縣斗六市湖山里檨林路83號,0,0
福天宮,雲林縣政府,金府千歲,雲林縣口湖鄉,雲林縣,口湖鄉,台子村,雲林縣口湖鄉台子村蚶寮路22號,道教,雲林縣口湖鄉台子村蚶寮路22號,0,0
觀音禪寺,雲林縣政府,阿彌陀佛,雲林縣斗六市,雲林縣,斗六市,虎溪里,雲林縣斗六市虎溪里虎溪路417巷2號,佛教,雲林縣斗六市虎溪里虎溪路417巷2號,0,0
大悲寺,雲林縣政府,阿彌陀佛,雲林縣大埤鄉,雲林縣,大埤鄉,南和村,雲林縣大埤鄉妮姑庵南和村68之20號,佛教,雲林縣大埤鄉妮姑庵南和村68之20號,0,0
保安宮,雲林縣政府,保生大帝,雲林縣古坑鄉,雲林縣,古坑鄉,高林村,雲林縣古坑鄉高林村高林63號,道教,雲林縣古坑鄉高林村高林63號,0,0
保生宮,雲林縣政府,保生大帝,雲林縣古坑鄉,雲林縣,古坑鄉,永昌村,雲林縣古坑鄉永昌村光昌路246巷1號,道教,雲林縣古坑鄉永昌村光昌路246巷1號,0,0
城南府,雲林縣政府,城隍尊神,雲林縣土庫鎮,雲林縣,土庫鎮,崙內里,雲林縣土庫鎮頂寮崙內里路10之6號,道教,雲林縣土庫鎮頂寮崙內里路10之6號,0,0
雲林縣城隍廟,雲林縣政府,城隍尊神,雲林縣斗六市,雲林縣,斗六市,忠孝里,雲林縣斗六市忠孝里中華路318號,道教,雲林縣斗六市忠孝里中華路318號,0,0
開基南天門太子宮,雲林縣政府,哪吒三太子,雲林縣斗南鎮,雲林縣,斗南鎮,舊社里,雲林縣斗南鎮舊社里新生路3號,道教,雲林縣斗南鎮舊社里新生路3號,0,0
順天宮,雲林縣政府,耿府千歲,雲林縣北港鎮,雲林縣,北港鎮,番溝里,雲林縣北港鎮番溝里170號,道教,雲林縣北港鎮番溝里170號,0,0
大羅天仙府,雲林縣政府,國姓爺,雲林縣林內鄉,雲林縣,林內鄉,林茂村,雲林縣林內鄉中興林茂村路19之1號,道教,雲林縣林內鄉中興林茂村路19之1號,0,0
清山南天府,雲林縣政府,康府千歲,雲林縣元長鄉,雲林縣,元長鄉,山內村,雲林縣元長鄉山內村南山路8之1號,道教,雲林縣元長鄉山內村南山路8之1號,0,0
護安府,雲林縣政府,康蘇池府千歲,雲林縣麥寮鄉,雲林縣,麥寮鄉,興華村,雲林縣麥寮鄉興華村8鄰山寮18號,道教,雲林縣麥寮鄉興華村8鄰山寮18號,0,0
天聖宮,雲林縣政府,張天師,雲林縣西螺鎮,雲林縣,西螺鎮,埤頭里,雲林縣西螺鎮埤頭里1-1號,道教,雲林縣西螺鎮埤頭里1-1號,0,0
聖安宮,雲林縣政府,張吳媽祖,雲林縣土庫鎮,雲林縣,土庫鎮,崙內里,雲林縣土庫鎮崙內里5鄰路30之6號,道教,雲林縣土庫鎮崙內里5鄰路30之6號,0,0
順安堂,雲林縣政府,清水祖師,雲林縣斗南鎮,雲林縣,斗南鎮,明昌里,雲林縣斗南鎮明昌里186號,道教,雲林縣斗南鎮明昌里186號,0,0
安南宮,雲林縣政府,莫府千歲,雲林縣臺西鄉,雲林縣,臺西鄉,牛厝村,雲林縣臺西鄉成功牛厝村20鄰路178號,道教,雲林縣臺西鄉成功牛厝村20鄰路178號,0,0
無極玉宸宮,雲林縣政府,無極老母娘娘,雲林縣土庫鎮,雲林縣,土庫鎮,崙內里,雲林縣土庫鎮頂寮崙內里56之11號,道教,雲林縣土庫鎮頂寮崙內里56之11號,0,0
慈聖堂,雲林縣政府,無極瑤池西王金母大天尊,雲林縣虎尾鎮,雲林縣,虎尾鎮,延平里,雲林縣虎尾鎮下南延平里45之1號,道教,雲林縣虎尾鎮下南延平里45之1號,0,0
三殿宮,雲林縣政府,紫衣菩薩,雲林縣斗六市,雲林縣,斗六市,久安里,雲林縣斗六市久安里永興路15鄰44號,佛教,雲林縣斗六市久安里永興路15鄰44號,0,0
順寮宮,雲林縣政府,菁埔夫人,雲林縣口湖鄉,雲林縣,口湖鄉,下崙村,雲林縣口湖鄉下崙村1鄰下寮25號,道教,雲林縣口湖鄉下崙村1鄰下寮25號,0,0
開山大帝廟,雲林縣政府,開山大帝,雲林縣大埤鄉,雲林縣,大埤鄉,怡然村,雲林縣大埤鄉怡然村怡然路84號,道教,雲林縣大埤鄉怡然村怡然路84號,0,0
清雲宮,雲林縣政府,黃府千歲,雲林縣虎尾鎮,雲林縣,虎尾鎮,興中里,雲林縣虎尾鎮興中里220號,道教,雲林縣虎尾鎮興中里220號,0,0
普天宮,雲林縣政府,溫府千歲,雲林縣四湖鄉,雲林縣,四湖鄉,箔東村,雲林縣四湖鄉箔東村118之1號,道教,雲林縣四湖鄉箔東村118之1號,0,0
天興宮,雲林縣政府,溫府王爺,雲林縣斗六市,雲林縣,斗六市,社口里,雲林縣斗六市社口里府前街42號,道教,雲林縣斗六市社口里府前街42號,0,0
義雲宮,雲林縣政府,義民爺,雲林縣土庫鎮,雲林縣,土庫鎮,興新里,雲林縣土庫鎮新興興新里40號,道教,雲林縣土庫鎮新興興新里40號,0,0
社口水德堂,雲林縣政府,萬善公,雲林縣西螺鎮,雲林縣,西螺鎮,福田里,雲林縣西螺鎮福田里社口段1268號,道教,雲林縣西螺鎮福田里社口段1268號,0,0
萬善爺廟,雲林縣政府,萬善同歸公,雲林縣口湖鄉,雲林縣,口湖鄉,下崙村,雲林縣口湖鄉下崙村下寮路70之6號,道教,雲林縣口湖鄉下崙村下寮路70之6號,0,0
安聖宮,雲林縣政府,雷府千歲,雲林縣麥寮鄉,雲林縣,麥寮鄉,海豐村,雲林縣麥寮鄉海豐村忠和路59號,道教,雲林縣麥寮鄉海豐村忠和路59號,0,0
慈惠宮,雲林縣政府,瑤池金母,雲林縣斗六市,雲林縣,斗六市,保庄里,雲林縣斗六市保庄里后庄路9號,道教,雲林縣斗六市保庄里后庄路9號,0,0
振興宮,雲林縣政府,瑤池金母,雲林縣土庫鎮,雲林縣,土庫鎮,奮起里,雲林縣土庫鎮秀潭奮起里166號,道教,雲林縣土庫鎮秀潭奮起里166號,0,0
金山宮,雲林縣政府,瑤池金母,雲林縣西螺鎮,雲林縣,西螺鎮,正興里,雲林縣西螺鎮正興里光明西路252號,佛教,雲林縣西螺鎮正興里光明西路252號,0,0
福德宮,雲林縣政府,福德正神,雲林縣虎尾鎮,雲林縣,虎尾鎮,惠來里,雲林縣虎尾鎮惠來里1鄰(惠聖宮旁),道教,雲林縣虎尾鎮惠來里1鄰(惠聖宮旁),0,0
小南天福德廟,雲林縣政府,福德正神,雲林縣斗南鎮,雲林縣,斗南鎮,中天里,雲林縣斗南鎮中天里福德街99號,道教,雲林縣斗南鎮中天里福德街99號,0,0
五間厝福德宮,雲林縣政府,福德正神,雲林縣斗南鎮,雲林縣,斗南鎮,明昌里,雲林縣斗南鎮明昌里明昌路358號,道教,雲林縣斗南鎮明昌里明昌路358號,0,0
上德宮,雲林縣政府,福德正神,雲林縣大埤鄉,雲林縣,大埤鄉,嘉興村,雲林縣大埤鄉豐興嘉興村,道教,雲林縣大埤鄉豐興嘉興村,0,0
福德宮,雲林縣政府,福德正神,雲林縣土庫鎮,雲林縣,土庫鎮,崙內里,雲林縣土庫鎮崙內里55號,道教,雲林縣土庫鎮崙內里55號,0,0
寶安府,雲林縣政府,福德正神,雲林縣斗六市,雲林縣,斗六市,溪洲里,雲林縣斗六市溪洲里溪州段302地號,道教,雲林縣斗六市溪洲里溪州段302地號,0,0
福神宮,雲林縣政府,福德正神,雲林縣古坑鄉,雲林縣,古坑鄉,草嶺村,雲林縣古坑鄉草嶺村石璧,道教,雲林縣古坑鄉草嶺村石璧,0,0
福德宮,雲林縣政府,福德正神,雲林縣斗南鎮,雲林縣,斗南鎮,新光里,雲林縣斗南鎮文安新光里段974地號,道教,雲林縣斗南鎮文安新光里段974地號,0,0
福德廟,雲林縣政府,福德正神公公,雲林縣古坑鄉,雲林縣,古坑鄉,永光村,雲林縣古坑鄉永光村崁頭厝段,道教,雲林縣古坑鄉永光村崁頭厝段,0,0
劉仙姑廟,雲林縣政府,劉仙姑,雲林縣斗南鎮,雲林縣,斗南鎮,南昌里,雲林縣斗南鎮南昌里28鄰廟莒光街51號,道教,雲林縣斗南鎮南昌里28鄰廟莒光街51號,0,0
少林宮,雲林縣政府,蔡府元帥,雲林縣土庫鎮,雲林縣,土庫鎮,崙內里,雲林縣土庫鎮崙內里26之1號,道教,雲林縣土庫鎮崙內里26之1號,0,0
順安宮,雲林縣政府,蔭林祖師,雲林縣斗六市,雲林縣,斗六市,虎溪里,雲林縣斗六市虎溪里6鄰文生路26號,道教,雲林縣斗六市虎溪里6鄰文生路26號,0,0
延平震天宮,雲林縣政府,鄭成功,雲林縣虎尾鎮,雲林縣,虎尾鎮,延平里,雲林縣虎尾鎮下南延平里4鄰12號,道教,雲林縣虎尾鎮下南延平里4鄰12號,0,0
啟安廟,雲林縣政府,鄭新登公,雲林縣崙背鄉,雲林縣,崙背鄉,羅厝村,雲林縣崙背鄉羅厝村2鄰東興路121之2號,道教,雲林縣崙背鄉羅厝村2鄰東興路121之2號,0,0
寶光紹興濟德講堂,雲林縣政府,彌勒祖師,雲林縣斗南鎮,雲林縣,斗南鎮,東明里,雲林縣斗南鎮東明里成功路39之6號,一貫道,雲林縣斗南鎮東明里成功路39之6號,0,0
三慈濟普道寺,雲林縣政府,濟公活佛,雲林縣二崙鄉,雲林縣,二崙鄉,安定村,雲林縣二崙鄉田寮安定村130號,道教,雲林縣二崙鄉田寮安定村130號,0,0
靈隱寺,雲林縣政府,濟公禪師,雲林縣土庫鎮,雲林縣,土庫鎮,石廟里,雲林縣土庫鎮石廟里溪心路102號,道教,雲林縣土庫鎮石廟里溪心路102號,0,0
薛玉聖媽廟,雲林縣政府,薛玉聖媽,雲林縣虎尾鎮,雲林縣,虎尾鎮,新吉里,雲林縣虎尾鎮新吉里7鄰,道教,雲林縣虎尾鎮新吉里7鄰,0,0
薛安宮,雲林縣政府,薛府千歲,雲林縣臺西鄉,雲林縣,臺西鄉,富琦村,雲林縣臺西鄉三和富琦村15鄰18-6號,道教,雲林縣臺西鄉三和富琦村15鄰18-6號,0,0
仁和宮,雲林縣政府,謝府元帥,雲林縣莿桐鄉,雲林縣,莿桐鄉,六合村,雲林縣莿桐鄉六合村新庄44號,道教,雲林縣莿桐鄉六合村新庄44號,0,0
護國宮,雲林縣政府,騎虎尊王,雲林縣斗南鎮,雲林縣,斗南鎮,新崙里,雲林縣斗南鎮港墘新崙里38號,道教,雲林縣斗南鎮港墘新崙里38號,0,0
三聖宮,雲林縣政府,關聖帝君,雲林縣莿桐鄉,雲林縣,莿桐鄉,興貴村,雲林縣莿桐鄉興北興貴村路63之10號,道教,雲林縣莿桐鄉興北興貴村路63之10號,0,0
法雲庵感德堂,雲林縣政府,關聖帝君,雲林縣莿桐鄉,雲林縣,莿桐鄉,興貴村,雲林縣莿桐鄉興北興貴村路116號,道教,雲林縣莿桐鄉興北興貴村路116號,0,0
恩德宮,雲林縣政府,關聖帝君,雲林縣莿桐鄉,雲林縣,莿桐鄉,興貴村,雲林縣莿桐鄉興貴村興中34號,佛教,雲林縣莿桐鄉興貴村興中34號,0,0
五興宮,雲林縣政府,關聖帝君,雲林縣莿桐鄉,雲林縣,莿桐鄉,五華村,雲林縣莿桐鄉五華村湖內路81之1號,佛教,雲林縣莿桐鄉五華村湖內路81之1號,0,0
順天宮,雲林縣政府,關聖帝君,雲林縣虎尾鎮,雲林縣,虎尾鎮,立仁里,雲林縣虎尾鎮立仁里復興路108號,道教,雲林縣虎尾鎮立仁里復興路108號,0,0
馬光南天宮,雲林縣政府,關聖帝君,雲林縣土庫鎮,雲林縣,土庫鎮,東平里,雲林縣土庫鎮新光東平里36號,道教,雲林縣土庫鎮新光東平里36號,0,0
聖帝宮,雲林縣政府,關聖帝君,雲林縣麥寮鄉,雲林縣,麥寮鄉,興華村,雲林縣麥寮鄉山寮興華村15號之10,道教,雲林縣麥寮鄉山寮興華村15號之10,0,0
聖德堂,雲林縣政府,關聖帝君,雲林縣斗南鎮,雲林縣,斗南鎮,小東里,雲林縣斗南鎮小東里小東242之2號,道教,雲林縣斗南鎮小東里小東242之2號,0,0
武聖宮,雲林縣政府,關聖帝君,雲林縣林內鄉,雲林縣,林內鄉,林中村,雲林縣林內鄉林內鄉林中村瑞農27之1號,一貫道,雲林縣林內鄉林內鄉林中村瑞農27之1號,0,0
福成宮,雲林縣政府,關聖帝君,雲林縣二崙鄉,雲林縣,二崙鄉,楊賢村,雲林縣二崙鄉楊賢村竹圍路36號,道教,雲林縣二崙鄉楊賢村竹圍路36號,0,0
保安宮,雲林縣政府,關聖帝君,雲林縣四湖鄉,雲林縣,四湖鄉,湖西村,雲林縣四湖鄉保長湖湖西村120號,道教,雲林縣四湖鄉保長湖湖西村120號,0,0
開天宮,雲林縣政府,關聖帝君,雲林縣古坑鄉,雲林縣,古坑鄉,朝陽村,雲林縣古坑鄉朝陽村大埔路66號,道教,雲林縣古坑鄉朝陽村大埔路66號,0,0
天福宮,雲林縣政府,關聖帝君,雲林縣斗南鎮,雲林縣,斗南鎮,埤麻里,雲林縣斗南鎮埤麻里84號,道教,雲林縣斗南鎮埤麻里84號,0,0
協天宮,雲林縣政府,關聖帝君,雲林縣二崙鄉,雲林縣,二崙鄉,三和村,雲林縣二崙鄉三塊厝三和村60號,道教,雲林縣二崙鄉三塊厝三和村60號,0,0
義天宮,雲林縣政府,關聖帝君,雲林縣元長鄉,雲林縣,元長鄉,鹿南村,雲林縣元長鄉鹿南村後建路37號,道教,雲林縣元長鄉鹿南村後建路37號,0,0
新惠宮,雲林縣政府,關聖帝君,雲林縣崙背鄉,雲林縣,崙背鄉,羅厝村,雲林縣崙背鄉羅厝村新嘉路3之3號,道教,雲林縣崙背鄉羅厝村新嘉路3之3號,0,0
聖奉宮,雲林縣政府,蘇府千歲,雲林縣元長鄉,雲林縣,元長鄉,五塊村,雲林縣元長鄉五塊村南火路4之6號,道教,雲林縣元長鄉五塊村南火路4之6號,0,0
普賢寺,雲林縣政府,釋迦牟尼佛,雲林縣斗南鎮,雲林縣,斗南鎮,西伯里,雲林縣斗南鎮西伯里西伯路157之28號,佛教,雲林縣斗南鎮西伯里西伯路157之28號,0,0
華山祥雲寺,雲林縣政府,釋迦牟尼佛,雲林縣古坑鄉,雲林縣,古坑鄉,華山村,雲林縣古坑鄉華山村華山路6號,佛教,雲林縣古坑鄉華山村華山路6號,0,0
成德堂,雲林縣政府,釋迦牟尼佛,雲林縣麥寮鄉,雲林縣,麥寮鄉,麥豐村,雲林縣麥寮鄉光大寮麥豐村5鄰41號,佛教,雲林縣麥寮鄉光大寮麥豐村5鄰41號,0,0
妙智學苑,雲林縣政府,釋迦牟尼佛,雲林縣斗六市,雲林縣,斗六市,虎溪里,雲林縣斗六市虎溪里文生路517巷15號,佛教,雲林縣斗六市虎溪里文生路517巷15號,0,0
文殊寺,雲林縣政府,釋迦牟尼佛,雲林縣斗六市,雲林縣,斗六市,榴北里,雲林縣斗六市榴北里石寮路9之1號,佛教,雲林縣斗六市榴北里石寮路9之1號,0,0
華藏庵,雲林縣政府,釋迦牟尼佛,雲林縣西螺鎮,雲林縣,西螺鎮,正興里,雲林縣西螺鎮興正興里農西路108號,佛教,雲林縣西螺鎮興正興里農西路108號,0,0
善覺精舍,雲林縣政府,觀世音菩薩,雲林縣斗六市,雲林縣,斗六市,鎮北里,雲林縣斗六市鎮北里鎮北路385之7號,佛教,雲林縣斗六市鎮北里鎮北路385之7號,0,0
正真堂,雲林縣政府,觀世音菩薩,雲林縣臺西鄉,雲林縣,臺西鄉,溪頂村,雲林縣臺西鄉溪頂村尚德段1790號,佛教,雲林縣臺西鄉溪頂村尚德段1790號,0,0
明德寺,雲林縣政府,觀世音菩薩,雲林縣臺西鄉,雲林縣,臺西鄉,和豐村,雲林縣臺西鄉和豐村忠孝路99號,佛教,雲林縣臺西鄉和豐村忠孝路99號,0,0
龍德寺,雲林縣政府,觀音大士,雲林縣林內鄉,雲林縣,林內鄉,烏麻村,雲林縣林內鄉永昌烏麻村160號,道教,雲林縣林內鄉永昌烏麻村160號,0,0
太元寺,雲林縣政府,觀音佛祖,雲林縣西螺鎮,雲林縣,西螺鎮,中和里,雲林縣西螺鎮中和里仁和街37號,佛教,雲林縣西螺鎮中和里仁和街37號,0,0
慈和宮,雲林縣政府,觀音佛祖,雲林縣西螺鎮,雲林縣,西螺鎮,九隆里,雲林縣西螺鎮大和九隆里5鄰6-3,佛教,雲林縣西螺鎮大和九隆里5鄰6-3,0,0
觀音佛祖廟,雲林縣政府,觀音佛祖,雲林縣斗南鎮,雲林縣,斗南鎮,新崙里,雲林縣斗南鎮溝心新崙里13號,佛教,雲林縣斗南鎮溝心新崙里13號,0,0
妙宗寺,雲林縣政府,,雲林縣虎尾鎮,雲林縣,虎尾鎮,東仁里,雲林縣虎尾鎮東仁里民族路60號,佛教,雲林縣虎尾鎮東仁里民族路60號,0,0
德昭堂,雲林縣政府,,雲林縣斗南鎮,雲林縣,斗南鎮,東明里,雲林縣斗南鎮成功東明里10鄰32號,道教,雲林縣斗南鎮成功東明里10鄰32號,0,0
慶安宮,雲林縣政府,,雲林縣土庫鎮,雲林縣,土庫鎮,新庄里,雲林縣土庫鎮新庄里8鄰248號,道教,雲林縣土庫鎮新庄里8鄰248號,0,0
閭山宮,雲林縣政府,,雲林縣麥寮鄉,雲林縣,麥寮鄉,麥津村,雲林縣麥寮鄉中山麥津村路200巷80號,道教,雲林縣麥寮鄉中山麥津村路200巷80號,0,0
太興宮,雲林縣政府,,雲林縣斗南鎮,雲林縣,斗南鎮,田頭里,雲林縣斗南鎮田頭里田頭156號,佛教,雲林縣斗南鎮田頭里田頭156號,0,0
泉和宮,雲林縣政府,,雲林縣臺西鄉,雲林縣,臺西鄉,牛厝村,雲林縣臺西鄉牛厝村11號,道教,雲林縣臺西鄉牛厝村11號,0,0
仁善堂福德堂,雲林縣政府,,雲林縣臺西鄉,雲林縣,臺西鄉,五港村,雲林縣臺西鄉五港村瓦厝路五港段240-1號,道教,雲林縣臺西鄉五港村瓦厝路五港段240-1號,0,0
鎮安府,雲林縣政府,,雲林縣臺西鄉,雲林縣,臺西鄉,蚊港村,雲林縣臺西鄉蚊港村130號,道教,雲林縣臺西鄉蚊港村130號,0,0
慈聖宮,雲林縣政府,,雲林縣臺西鄉,雲林縣,臺西鄉,永豐村,雲林縣臺西鄉永豐村崙豐路79巷1號,道教,雲林縣臺西鄉永豐村崙豐路79巷1號,0,0
旭安府,雲林縣政府,,雲林縣臺西鄉,雲林縣,臺西鄉,蚊港村,雲林縣臺西鄉三姓蚊港村85之2號,道教,雲林縣臺西鄉三姓蚊港村85之2號,0,0
代安宮,雲林縣政府,,雲林縣臺西鄉,雲林縣,臺西鄉,和豐村,雲林縣臺西鄉萬興和豐村路88號,道教,雲林縣臺西鄉萬興和豐村路88號,0,0
昭安府,雲林縣政府,,雲林縣臺西鄉,雲林縣,臺西鄉,溪頂村,雲林縣臺西鄉溪頂村(路)200之20號,道教,雲林縣臺西鄉溪頂村(路)200之20號,0,0
顯靈宮,雲林縣政府,,雲林縣臺西鄉,雲林縣,臺西鄉,富琦村,雲林縣臺西鄉三和富琦村18鄰28-10號,道教,雲林縣臺西鄉三和富琦村18鄰28-10號,0,0
順安府,雲林縣政府,,雲林縣臺西鄉,雲林縣,臺西鄉,和豐村,雲林縣臺西鄉復興和豐村路2號,道教,雲林縣臺西鄉復興和豐村路2號,0,0
明福宮,雲林縣政府,,雲林縣臺西鄉,雲林縣,臺西鄉,和豐村,雲林縣臺西鄉復興和豐村路108號,道教,雲林縣臺西鄉復興和豐村路108號,0,0
無極七玄宮,新北市政府,九天玄女,新北市三峽區,新北市,三峽區,鳶山里,新北市三峽區鳶山里中山路459巷201號,道教,新北市三峽區鳶山里中山路459巷201號,0,0
三山國王廟,新北市政府,三山國王,新北市新莊區,新北市,新莊區,文德里,新北市新莊區文德里新莊路150號,道教,新北市新莊區文德里新莊路150號,0,0
福仁宮,新北市政府,三府王爺,新北市金山區,新北市,金山區,五湖里,新北市金山區五湖里龜子山路50號,道教,新北市金山區五湖里龜子山路50號,0,0
重威宮,新北市政府,三府王爺,新北市萬里區,新北市,萬里區,市萬里,新北市萬里區萬里里瑪鍊下街51號,道教,新北市萬里區萬里里瑪鍊下街51號,0,0
光明王寺,新北市政府,大日如來,新北市三峽區,新北市,三峽區,添福里,新北市三峽區添福里177與215號中間,佛教,新北市三峽區添福里177與215號中間,0,0
石門桃源殿,新北市政府,中央混元真母靈源天尊,新北市石門區,新北市,石門區,乾華里,新北市石門區乾華里內阿里磅55號,道教,新北市石門區乾華里內阿里磅55號,0,0
無極日月太子宮,新北市政府,中壇元帥,新北市八里區,新北市,八里區,市八里,新北市八里區大崁3街21號,道教,新北市八里區大崁3街21號,0,0
臺北鎮北宮,新北市政府,五府千歲,新北市板橋區,新北市,板橋區,崑崙里,新北市板橋區崑崙里存德街58號,道教,新北市板橋區崑崙里存德街58號,0,0
霹靂宮,新北市政府,五雷元帥,新北市中和區,新北市,中和區,中原里,新北市中和區中原里永和路514號,道教,新北市中和區中原里永和路514號,0,0
大天府,新北市政府,元始天王,新北市三峽區,新北市,三峽區,添福里,新北市三峽區添福里7鄰添福207號,道教,新北市三峽區添福里7鄰添福207號,0,0
玉京山大羅上仙府,新北市政府,元始天王,新北市石碇區,新北市,石碇區,永定里,新北市石碇區永定里8鄰蚯蚓坑42號,道教,新北市石碇區永定里8鄰蚯蚓坑42號,0,0
龍星眾天殿,新北市政府,天上聖母,新北市石碇區,新北市,石碇區,潭邊里,新北市石碇區潭邊里湳窟路42號,道教,新北市石碇區潭邊里湳窟路42號,0,0
漁澳順天宮,新北市政府,天上聖母,新北市萬里區,新北市,萬里區,市萬里,新北市萬里區龜吼里漁澳路4號,道教,新北市萬里區龜吼里漁澳路4號,0,0
鎮南宮,新北市政府,天上聖母,新北市深坑區,新北市,深坑區,阿柔里,新北市深坑區阿柔里大崙腳8號,道教,新北市深坑區阿柔里大崙腳8號,0,0
林口贊天宮,新北市政府,天上聖母,新北市林口區,新北市,林口區,東林里,新北市林口區東林里自強三街28號,道教,新北市林口區東林里自強三街28號,0,0
瑞慈宮,新北市政府,天上聖母,新北市瑞芳區,新北市,瑞芳區,爪峰里,新北市瑞芳區爪峰里三爪子坑路106巷190號,道教,新北市瑞芳區爪峰里三爪子坑路106巷190號,0,0
四腳亭吉安宮,新北市政府,天上聖母,新北市瑞芳區,新北市,瑞芳區,吉慶里,新北市瑞芳區吉慶里瑞竹路91號,道教,新北市瑞芳區吉慶里瑞竹路91號,0,0
溪底里新興宮,新北市政府,天上聖母,新北市萬里區,新北市,萬里區,市萬里,新北市萬里區溪底里溪底路6-2號,道教,新北市萬里區溪底里溪底路6-2號,0,0
北城順清宮,新北市政府,正一天師,新北市萬里區,新北市,萬里區,市萬里,新北市萬里區磺潭里清水路18號,道教,新北市萬里區磺潭里清水路18號,0,0
新北市板橋區北天廟,新北市政府,玄天上帝,新北市板橋區,新北市,板橋區,振義里,新北市板橋區振義里萬安街124巷4號,道教,新北市板橋區振義里萬安街124巷4號,0,0
指雲宮,新北市政府,玉皇上帝,新北市瑞芳區,新北市,瑞芳區,龍潭里,新北市瑞芳區龍潭里15鄰岳王路240號,道教,新北市瑞芳區龍潭里15鄰岳王路240號,0,0
萬里鄉野柳村福德祠,新北市政府,福德正神,新北市萬里區,新北市,萬里區,市萬里,新北市萬里區港東野柳里路167號(野柳國小左側),道教,新北市萬里區港東野柳里路167號(野柳國小左側),0,0
爪峰里福德宮,新北市政府,福德正神,新北市瑞芳區,新北市,瑞芳區,爪峰里,新北市瑞芳區爪峰里三爪子坑路194號旁,道教,新北市瑞芳區爪峰里三爪子坑路194號旁,0,0
慈湖寺,新北市政府,觀世音菩薩,新北市萬里區,新北市,萬里區,市萬里,新北市萬里區雙興里太和路10號之1,佛教,新北市萬里區雙興里太和路10號之1,0,0
長和宮,新竹市政府,天上聖母,新竹市北區,新竹市,北區,長和里,新竹市北區長和里1鄰北門街135號,道教,新竹市北區長和里1鄰北門街135號,0,0
水仙宮,新竹市政府,水仙尊王,新竹市北區,新竹市,北區,長和里,新竹市北區長和里1鄰北門街135號,道教,新竹市北區長和里1鄰北門街135號,0,0
新大眾廟,新竹市政府,地藏王菩薩,新竹市東區,新竹市,東區,光鎮里,新竹市東區光鎮里明湖路281號,佛教,新竹市東區光鎮里明湖路281號,0,0
八卦福德宮,新竹市政府,福德正神,新竹市北區,新竹市,北區,湳雅里,新竹市北區湳雅里2鄰東大路二段446巷271弄28號,道教,新竹市北區湳雅里2鄰東大路二段446巷271弄28號,0,0
開天宮,新竹市政府,磐古聖帝,新竹市東區,新竹市,東區,光鎮里,新竹市東區光鎮里12鄰高峰路110巷7號,道教,新竹市東區光鎮里12鄰高峰路110巷7號,0,0
萬佛禪寺,新竹市政府,釋迦牟尼佛,新竹市東區,新竹市,東區,東山里,新竹市東區東山里1鄰寶山路151號,佛教,新竹市東區東山里1鄰寶山路151號,0,0
石巖洞保安堂,新竹縣政府,三寶佛,新竹縣橫山鄉,新竹縣,橫山鄉,新興村,新竹縣橫山鄉九讚頭新興村3鄰58號,佛教,新竹縣橫山鄉九讚頭新興村3鄰58號,0,0
慈明宮,新竹縣政府,天上聖母,新竹縣新豐鄉,新竹縣,新豐鄉,上坑村,新竹縣新豐鄉坑子口上坑村6鄰412之1號,道教,新竹縣新豐鄉坑子口上坑村6鄰412之1號,0,0
竹北天后宮,新竹縣政府,天上聖母,新竹縣竹北市,新竹縣,竹北市,竹仁里,新竹縣竹北市豆子埔竹仁里中正東路328巷29號,道教,新竹縣竹北市豆子埔竹仁里中正東路328巷29號,0,0
慈山聖善王母宮,新竹縣政府,王母娘娘,新竹縣新埔鎮,新竹縣,新埔鎮,北平里,新竹縣新埔鎮大平窩北平里9鄰106號,道教,新竹縣新埔鎮大平窩北平里9鄰106號,0,0
萬善祠(新鳳村),新竹縣政府,有應公,新竹縣芎林鄉,新竹縣,芎林鄉,新鳳村,新竹縣芎林鄉燥坑新鳳村9鄰1之1號,道教,新竹縣芎林鄉燥坑新鳳村9鄰1之1號,0,0
聚賢禪寺,新竹縣政府,西方三聖,新竹縣新埔鎮,新竹縣,新埔鎮,新北里,新竹縣新埔鎮大北坑新北里8鄰28之1號,佛教,新竹縣新埔鎮大北坑新北里8鄰28之1號,0,0
五指山灶君堂,新竹縣政府,灶君爺,新竹縣北埔鄉,新竹縣,北埔鄉,外坪村,新竹縣北埔鄉六股外坪村8鄰11之12號,道教,新竹縣北埔鄉六股外坪村8鄰11之12號,0,0
福慧山福田寺,新竹縣政府,阿彌陀佛,新竹縣橫山鄉,新竹縣,橫山鄉,豐田村,新竹縣橫山鄉油羅豐田村7鄰115號,佛教,新竹縣橫山鄉油羅豐田村7鄰115號,0,0
三武宮,新竹縣政府,郭王爺,新竹縣北埔鄉,新竹縣,北埔鄉,南坑村,新竹縣北埔鄉小南坑南坑村3鄰1之3號,道教,新竹縣北埔鄉小南坑南坑村3鄰1之3號,0,0
文化福德宮,新竹縣政府,福德正神,新竹縣竹北市,新竹縣,竹北市,十興里,新竹縣竹北市十興里40鄰文福街11號,道教,新竹縣竹北市十興里40鄰文福街11號,0,0
福德祠,新竹縣政府,福德正神,新竹縣新埔鎮,新竹縣,新埔鎮,新埔里,新竹縣新埔鎮第一市場新埔里和平街,道教,新竹縣新埔鎮第一市場新埔里和平街,0,0
德馨宮,新竹縣政府,福德正神,新竹縣竹北市,新竹縣,竹北市,竹義里,新竹縣竹北市竹義里福德街19號,道教,新竹縣竹北市竹義里福德街19號,0,0
龍天宮,新竹縣政府,關聖帝君,新竹縣橫山鄉,新竹縣,橫山鄉,力行村,新竹縣橫山鄉十分寮力行村5鄰74號,道教,新竹縣橫山鄉十分寮力行村5鄰74號,0,0
普賢道場,新竹縣政府,釋迦牟尼佛,新竹縣峨眉鄉,新竹縣,峨眉鄉,湖光村,新竹縣峨眉鄉十寮坑湖光村11鄰32-1號,佛教,新竹縣峨眉鄉十寮坑湖光村11鄰32-1號,0,0
新埔鎮福慧禪寺,新竹縣政府,釋迦牟尼佛,新竹縣新埔鎮,新竹縣,新埔鎮,清水里,新竹縣新埔鎮汶水坑清水里18鄰103之2號,佛教,新竹縣新埔鎮汶水坑清水里18鄰103之2號,0,0
圓光靜修禪院,新竹縣政府,釋迦牟尼佛,新竹縣橫山鄉,新竹縣,橫山鄉,南昌村,新竹縣橫山鄉尖筆窩南昌村1鄰10之1號,佛教,新竹縣橫山鄉尖筆窩南昌村1鄰10之1號,0,0
順聖宮,嘉義縣政府,天上聖母,嘉義縣水上鄉,嘉義縣,水上鄉,三和村,嘉義縣水上鄉新厝仔三和村2鄰127之3號,道教,嘉義縣水上鄉新厝仔三和村2鄰127之3號,0,0
長天宮,嘉義縣政府,天上聖母,嘉義縣新港鄉,嘉義縣,新港鄉,板頭村,嘉義縣新港鄉板頭厝板頭村4鄰9號,道教,嘉義縣新港鄉板頭厝板頭村4鄰9號,0,0
南天聖道院,嘉義縣政府,天德聖母,嘉義縣鹿草鄉,嘉義縣,鹿草鄉,豐稠村,嘉義縣鹿草鄉馬稠後豐稠村6鄰4之1號,一貫道,嘉義縣鹿草鄉馬稠後豐稠村6鄰4之1號,0,0
雙溪口福天宮,嘉義縣政府,吳府三千歲,嘉義縣朴子市,嘉義縣,朴子市,雙溪里,嘉義縣朴子市雙溪里3鄰29號,道教,嘉義縣朴子市雙溪里3鄰29號,0,0
明德聖堂,嘉義縣政府,明明上帝,嘉義縣水上鄉,嘉義縣,水上鄉,大堀村,嘉義縣水上鄉大堀尾大堀村2鄰12之12號,一貫道,嘉義縣水上鄉大堀尾大堀村2鄰12之12號,0,0
元帥府,嘉義縣政府,保儀尊王,嘉義縣大林鎮,嘉義縣,大林鎮,西結里,嘉義縣大林鎮西結里排子路段508之1地號,道教,嘉義縣大林鎮西結里排子路段508之1地號,0,0
奉山龍鳳堂,嘉義縣政府,順天聖母,嘉義縣新港鄉,嘉義縣,新港鄉,南港村,嘉義縣新港鄉南港南港村8鄰185之1號,道教,嘉義縣新港鄉南港南港村8鄰185之1號,0,0
山知崙奉天宮,嘉義縣政府,媽祖,嘉義縣竹崎鄉,嘉義縣,竹崎鄉,義隆村,嘉義縣竹崎鄉山知崙義隆村4鄰27之9號,道教,嘉義縣竹崎鄉山知崙義隆村4鄰27之9號,0,0
西佛寺,嘉義縣政府,釋迦牟尼佛,嘉義縣大埔鄉,嘉義縣,大埔鄉,西興村,嘉義縣大埔鄉草嶺西興村5號之10號,佛教,嘉義縣大埔鄉草嶺西興村5號之10號,0,0
慈安宮,嘉義縣政府,觀音佛祖,嘉義縣竹崎鄉,嘉義縣,竹崎鄉,光華村,嘉義縣竹崎鄉柑仔宅光華村5鄰23之1號,佛教,嘉義縣竹崎鄉柑仔宅光華村5鄰23之1號,0,0
普竹寺,嘉義縣政府,觀音佛祖,嘉義縣水上鄉,嘉義縣,水上鄉,中庄村,嘉義縣水上鄉中庄中庄村14鄰11號,佛教,嘉義縣水上鄉中庄中庄村14鄰11號,0,0
德和堂,嘉義縣政府,觀音佛祖,嘉義縣溪口鄉,嘉義縣,溪口鄉,本厝村,嘉義縣溪口鄉本廳本厝村5鄰22號,佛教,嘉義縣溪口鄉本廳本厝村5鄰22號,0,0
半月中庄普竹寺,嘉義縣政府,觀音佛祖,嘉義縣水上鄉,嘉義縣,水上鄉,中庄村,嘉義縣水上鄉中庄村14鄰中庄11號,佛教,嘉義縣水上鄉中庄村14鄰中庄11號,0,0
正德寺,嘉義縣政府,觀音菩薩,嘉義縣番路鄉,嘉義縣,番路鄉,江西村,嘉義縣番路鄉頂角仔江西村5鄰20之1號,道教,嘉義縣番路鄉頂角仔江西村5鄰20之1號,0,0
明聖宮,彰化縣政府,三山國王,彰化縣員林市,彰化縣,員林市,林厝里,彰化縣員林市林厝里山腳路一段坡姜巷246弄110號,道教,彰化縣員林市林厝里山腳路一段坡姜巷246弄110號,0,0
天化宮,彰化縣政府,三尊恩王,彰化縣員林市,彰化縣,員林市,振興里,彰化縣員林市振興里山腳路二段600號,道教,彰化縣員林市振興里山腳路二段600號,0,0
藍天宮,彰化縣政府,三藍祖師,彰化縣二林鎮,彰化縣,二林鎮,原斗里,彰化縣二林鎮原斗里中正路12-1號,道教,彰化縣二林鎮原斗里中正路12-1號,0,0
萬姓公,彰化縣政府,大眾爺,彰化縣芬園鄉,彰化縣,芬園鄉,社口村,彰化縣芬園鄉社口村仁愛街87號,道教,彰化縣芬園鄉社口村仁愛街87號,0,0
護安宮,彰化縣政府,五府千歲,彰化縣線西鄉,彰化縣,線西鄉,頂庄村,彰化縣線西鄉頂庄村(路)108號,道教,彰化縣線西鄉頂庄村(路)108號,0,0
朝南宮,彰化縣政府,天上聖母,彰化縣埔心鄉,彰化縣,埔心鄉,新館村,彰化縣埔心鄉新館村新館路234號,道教,彰化縣埔心鄉新館村新館路234號,0,0
永安宮,彰化縣政府,天上聖母,彰化縣溪湖鎮,彰化縣,溪湖鎮,西溪里,彰化縣溪湖鎮員西溪里鹿路後溪巷28號,道教,彰化縣溪湖鎮員西溪里鹿路後溪巷28號,0,0
南瑤宮,彰化縣政府,天上聖母,彰化縣彰化市,彰化縣,彰化市,南瑤里,彰化縣彰化市南瑤里南瑤路43號,道教,彰化縣彰化市南瑤里南瑤路43號,0,0
天鎮宮,彰化縣政府,天上聖母,彰化縣和美鎮,彰化縣,和美鎮,南佃里,彰化縣和美鎮南佃里彰頂路17號,道教,彰化縣和美鎮南佃里彰頂路17號,0,0
北極宮慈法堂,彰化縣政府,北極玄天真武上帝,彰化縣員林市,彰化縣,員林市,東北里,彰化縣員林市東北里山腳路六段254巷262號,道教,彰化縣員林市東北里山腳路六段254巷262號,0,0
順天宮,彰化縣政府,玄天上帝,彰化縣田中鎮,彰化縣,田中鎮,平和里,彰化縣田中鎮平和里山腳路五段246號,道教,彰化縣田中鎮平和里山腳路五段246號,0,0
興安宮,彰化縣政府,朱府千歲,彰化縣線西鄉,彰化縣,線西鄉,溝內村,彰化縣線西鄉溝內村(路)臨113號,道教,彰化縣線西鄉溝內村(路)臨113號,0,0
保安宮,彰化縣政府,池府王爺,彰化縣田中鎮,彰化縣,田中鎮,復興里,彰化縣田中鎮復興里山腳路四段253巷32號,道教,彰化縣田中鎮復興里山腳路四段253巷32號,0,0
溪湖蓮社,彰化縣政府,西方三聖,彰化縣溪湖鎮,彰化縣,溪湖鎮,田中里,彰化縣溪湖鎮田中里中央路田二段326號,佛教,彰化縣溪湖鎮田中里中央路田二段326號,0,0
保安宮,彰化縣政府,保生大帝,彰化縣和美鎮,彰化縣,和美鎮,竹圍里,彰化縣和美鎮竹圍里彰新路四段115號,道教,彰化縣和美鎮竹圍里彰新路四段115號,0,0
鎮安宮,彰化縣政府,張府夫人媽,彰化縣福興鄉,彰化縣,福興鄉,麥厝村,彰化縣福興鄉麥厝村(街)47-2號,道教,彰化縣福興鄉麥厝村(街)47-2號,0,0
久長安宮,彰化縣政府,清水祖師公,彰化縣彰化市,彰化縣,彰化市,寶廓里,彰化縣彰化市寶廓里寶廓路140號,道教,彰化縣彰化市寶廓里寶廓路140號,0,0
東山鎮興廟,彰化縣政府,輔順將軍,彰化縣員林市,彰化縣,員林市,南東里,彰化縣員林市南東里山腳路四段30號,道教,彰化縣員林市南東里山腳路四段30號,0,0
悟修堂,彰化縣政府,霞海城隍尊師,彰化縣田中鎮,彰化縣,田中鎮,東源里,彰化縣田中鎮東源里山腳路三段259巷122號,道教,彰化縣田中鎮東源里山腳路三段259巷122號,0,0
智覺佛寺,彰化縣政府,釋迦牟尼佛,彰化縣福興鄉,彰化縣,福興鄉,番婆村,彰化縣福興鄉番婆村(街)38-10號,佛教,彰化縣福興鄉番婆村(街)38-10號,0,0
福聚淨寺,彰化縣政府,釋迦牟尼佛,彰化縣員林市,彰化縣,員林市,林厝里,彰化縣員林市林厝里山腳路一段坡姜巷379弄219號,佛教,彰化縣員林市林厝里山腳路一段坡姜巷379弄219號,0,0
路上厝觀音亭,彰化縣政府,觀音佛祖,彰化縣芳苑鄉,彰化縣,芳苑鄉,路平村,彰化縣芳苑鄉路平村上林路路上段臨336-1號,道教,彰化縣芳苑鄉路平村上林路路上段臨336-1號,0,0
奉天宮,臺中市政府,北極玄天上帝,臺中市龍井區,臺中市,龍井區,龍津里,臺中市龍井區龍津里蚵寮路191巷16號,道教,臺中市龍井區龍津里蚵寮路191巷16號,0,0
保安宮,臺中市政府,地藏王菩薩,臺中市梧棲區,臺中市,梧棲區,中正里,臺中市梧棲區中正里臨海路36號,佛教,臺中市梧棲區中正里臨海路36號,0,0
仁愛慈惠宮,臺中市政府,金母娘娘,臺中市大里區,臺中市,大里區,市大里,臺中市大里區成功2路120巷41號,道教,臺中市大里區成功2路120巷41號,0,0
鑑凡寺,臺中市政府,南無釋迦牟尼佛,臺中市大里區,臺中市,大里區,市大里,臺中市大里區永隆1街80號,佛教,臺中市大里區永隆1街80號,0,0
游三宮,臺中市政府,游府千歲,臺中市清水區,臺中市,清水區,榔榔里,臺中市清水區榔榔里鰲鋒路617之1號,道教,臺中市清水區榔榔里鰲鋒路617之1號,0,0
靈聖宮,臺中市政府,媽祖,臺中市太平區,臺中市,太平區,吉峰里,臺中市太平區吉峰里錦州路459巷3號,道教,臺中市太平區吉峰里錦州路459巷3號,0,0
盤古開基殿,臺中市政府,盤古開天王,臺中市大里區,臺中市,大里區,市大里,臺中市大里區瓦瑤路38號,道教,臺中市大里區瓦瑤路38號,0,0
乾靈寺,臺中市政府,釋迦牟尼佛,臺中市霧峰區,臺中市,霧峰區,錦榮里,臺中市霧峰區錦榮里樟公巷6號,佛教,臺中市霧峰區錦榮里樟公巷6號,0,0
臺東縣臺東市天弘佛堂,臺東縣政府,明明上帝,臺東縣臺東市,臺東縣,臺東市,豐榮里,臺東縣臺東市豐榮里常德路27巷32號,一貫道,臺東縣臺東市豐榮里常德路27巷32號,0,0
鴻海堂,臺東縣政府,達摩祖師,臺東縣臺東市,臺東縣,臺東市,東海里,臺東縣臺東市東海里4鄰博愛路500號,道教,臺東縣臺東市東海里4鄰博愛路500號,0,0
鎮濱宮,臺東縣政府,關聖帝君,臺東縣長濱鄉,臺東縣,長濱鄉,長濱村,臺東縣長濱鄉長濱村13鄰長濱264號,道教,臺東縣長濱鄉長濱村13鄰長濱264號,0,0
保天宮,臺南市政府,九天玄女,臺南市西港區,臺南市,西港區,港東里,臺南市西港區港東里1鄰雙張廍2號,道教,臺南市西港區港東里1鄰雙張廍2號,0,0
九三廟,臺南市政府,九天娘娘,臺南市永康區,臺南市,永康區,埔園里,臺南市永康區埔園里中山路68號後,道教,臺南市永康區埔園里中山路68號後,0,0
顯海九龍公,臺南市政府,九龍三公,臺南市安南區,臺南市,安南區,顯宮里,臺南市安南區顯宮里媽祖宮2街132號,道教,臺南市安南區顯宮里媽祖宮2街132號,0,0
三元宮,臺南市政府,三元真君,臺南市麻豆區,臺南市,麻豆區,北勢里,臺南市麻豆區北勢里7鄰尪祖廟41號,道教,臺南市麻豆區北勢里7鄰尪祖廟41號,0,0
三平宮（原玉安堂）,臺南市政府,三平祖師,臺南市關廟區,臺南市,關廟區,南雄里,臺南市關廟區南雄里田大路7168巷2號,道教,臺南市關廟區南雄里田大路7168巷2號,0,0
中山大禪寺,臺南市政府,千手千眼觀音佛,臺南市新營區,臺南市,新營區,中營里,臺南市新營區中營里東山路215號,佛教,臺南市新營區中營里東山路215號,0,0
大將公廟,臺南市政府,大將公,臺南市新營區,臺南市,新營區,嘉芳里,臺南市新營區嘉芳里茄苳腳1號,道教,臺南市新營區嘉芳里茄苳腳1號,0,0
龍聖宮,臺南市政府,山王聖君,臺南市玉井區,臺南市,玉井區,層林里,臺南市玉井區層林里348-2號,道教,臺南市玉井區層林里348-2號,0,0
慶安宮,臺南市政府,中壇元帥,臺南市麻豆區,臺南市,麻豆區,巷口里,臺南市麻豆區巷口里5鄰和平路3號,道教,臺南市麻豆區巷口里5鄰和平路3號,0,0
茅埔太子宮,臺南市政府,中壇元帥,臺南市南化區,臺南市,南化區,玉山村,臺南市南化區玉山村134號,道教,臺南市南化區玉山村134號,0,0
中壇元帥廟,臺南市政府,中壇元帥,臺南市玉井區,臺南市,玉井區,三和里,臺南市玉井區三和里20號,道教,臺南市玉井區三和里20號,0,0
北平太子宮,臺南市政府,中壇元帥,臺南市南化區,臺南市,南化區,北平里,臺南市南化區北平里56-3號,道教,臺南市南化區北平里56-3號,0,0
太子廟,臺南市政府,中壇元帥,臺南市山上區,臺南市,山上區,平陽里,臺南市山上區卓猴平陽里5鄰4號,道教,臺南市山上區卓猴平陽里5鄰4號,0,0
小崙太子宮,臺南市政府,中壇元帥,臺南市南化區,臺南市,南化區,小崙里,臺南市南化區小崙里34號,道教,臺南市南化區小崙里34號,0,0
大宅中安宮,臺南市政府,中壇元帥,臺南市新市區,臺南市,新市區,社內里,臺南市新市區社內里28號,道教,臺南市新市區社內里28號,0,0
重興宮,臺南市政府,中壇太子,臺南市白河區,臺南市,白河區,秀祐里,臺南市白河區秀祐里6鄰13號,道教,臺南市白河區秀祐里6鄰13號,0,0
中妙宮,臺南市政府,中壇太子,臺南市白河區,臺南市,白河區,竹門里,臺南市白河區竹門里3鄰竹子門40號,道教,臺南市白河區竹門里3鄰竹子門40號,0,0
麻豆代天府,臺南市政府,五府千歲,臺南市麻豆區,臺南市,麻豆區,南勢里,臺南市麻豆區南勢里7鄰關帝廟60號,道教,臺南市麻豆區南勢里7鄰關帝廟60號,0,0
洋仔下二王宮,臺南市政府,五府千歲,臺南市仁德區,臺南市,仁德區,後壁里,臺南市仁德區後壁里德洋二街32鄰42號,道教,臺南市仁德區後壁里德洋二街32鄰42號,0,0
金安宮,臺南市政府,五府千歲,臺南市安定區,臺南市,安定區,六嘉里,臺南市安定區六嘉里89號,道教,臺南市安定區六嘉里89號,0,0
南安宮,臺南市政府,五府千歲,臺南市安定區,臺南市,安定區,南安里,臺南市安定區油車南安里1號之1,道教,臺南市安定區油車南安里1號之1,0,0
姑爺代天府,臺南市政府,五府千歲,臺南市新營區,臺南市,新營區,姑爺里,臺南市新營區姑爺里22號,道教,臺南市新營區姑爺里22號,0,0
保安宮,臺南市政府,五府千歲,臺南市善化區,臺南市,善化區,東昌里,臺南市善化區東昌里18-1號,道教,臺南市善化區東昌里18-1號,0,0
福昇堂,臺南市政府,五府千歲,臺南市下營區,臺南市,下營區,營前里,臺南市下營區營前里民權2街68號,道教,臺南市下營區營前里民權2街68號,0,0
永慶宮,臺南市政府,五府千歲,臺南市鹽水區,臺南市,鹽水區,文昌里,臺南市鹽水區文昌里後寮58號,道教,臺南市鹽水區文昌里後寮58號,0,0
聖天宮,臺南市政府,五聖千歲,臺南市北門區,臺南市,北門區,玉港里,臺南市北門區玉港里79-1號,道教,臺南市北門區玉港里79-1號,0,0
五華宮,臺南市政府,五顯大帝,臺南市仁德區,臺南市,仁德區,後壁里,臺南市仁德區後壁里德善1街62號,道教,臺南市仁德區後壁里德善1街62號,0,0
中脇永安宮,臺南市政府,元帥爺,臺南市官田區,臺南市,官田區,官田里,臺南市官田區官田里23鄰中脇16號,道教,臺南市官田區官田里23鄰中脇16號,0,0
護安宮,臺南市政府,天上聖母,臺南市鹽水區,臺南市,鹽水區,汫水里,臺南市鹽水區汫水里汫水港22號,道教,臺南市鹽水區汫水里汫水港22號,0,0
土庫天后宮,臺南市政府,天上聖母,臺南市仁德區,臺南市,仁德區,土庫里,臺南市仁德區土庫里土庫5街33號,道教,臺南市仁德區土庫里土庫5街33號,0,0
福安宮,臺南市政府,天上聖母,臺南市白河區,臺南市,白河區,白河里,臺南市白河區白河里17鄰中山路124號,道教,臺南市白河區白河里17鄰中山路124號,0,0
玉勅慈聖宮,臺南市政府,天上聖母,臺南市佳里區,臺南市,佳里區,市佳里,臺南市佳里區建南里29鄰佳南路366號,道教,臺南市佳里區建南里29鄰佳南路366號,0,0
東和天后宮,臺南市政府,天上聖母,臺南市南化區,臺南市,南化區,東和里,臺南市南化區東和里31號,道教,臺南市南化區東和里31號,0,0
媽祖廟,臺南市政府,天上聖母,臺南市大內區,臺南市,大內區,頭社里,臺南市大內區頭社頭社里17鄰311號,道教,臺南市大內區頭社頭社里17鄰311號,0,0
茅港尾天后宮,臺南市政府,天上聖母,臺南市下營區,臺南市,下營區,茅營里,臺南市下營區茅營里茅港尾162號,道教,臺南市下營區茅營里茅港尾162號,0,0
民寧宮,臺南市政府,天上聖母,臺南市東山區,臺南市,東山區,東山里,臺南市東山區東山里14鄰234號,道教,臺南市東山區東山里14鄰234號,0,0
天月宮,臺南市政府,天上聖母,臺南市鹽水區,臺南市,鹽水區,三明里,臺南市鹽水區三明里大莊24號,道教,臺南市鹽水區三明里大莊24號,0,0
雙龍宮,臺南市政府,天上聖母,臺南市官田區,臺南市,官田區,東庄里,臺南市官田區東庄里瓦嗂17-1號,道教,臺南市官田區東庄里瓦嗂17-1號,0,0
聖安宮,臺南市政府,天上聖母,臺南市安定區,臺南市,安定區,管寮里,臺南市安定區管寮里35號,道教,臺南市安定區管寮里35號,0,0
登天宮,臺南市政府,天上聖母,臺南市佳里區,臺南市,佳里區,市佳里,臺南市佳里區鎮山里仁愛路146巷12號,道教,臺南市佳里區鎮山里仁愛路146巷12號,0,0
仁厚宮,臺南市政府,天上聖母,臺南市麻豆區,臺南市,麻豆區,油車里,臺南市麻豆區油車里8鄰47號,道教,臺南市麻豆區油車里8鄰47號,0,0
聖母廟,臺南市政府,天上聖母,臺南市山上區,臺南市,山上區,玉峰里,臺南市山上區玉峰里牛稠埔10號,道教,臺南市山上區玉峰里牛稠埔10號,0,0
安溪宮,臺南市政府,天上聖母,臺南市西港區,臺南市,西港區,新復村,臺南市西港區溪埔寮新復村8鄰8號,道教,臺南市西港區溪埔寮新復村8鄰8號,0,0
六順宮,臺南市政府,天上聖母,臺南市白河區,臺南市,白河區,大竹里,臺南市白河區大竹里11鄰大排竹173號,道教,臺南市白河區大竹里11鄰大排竹173號,0,0
山腳朝天宮,臺南市政府,天上聖母,臺南市新化區,臺南市,新化區,山腳里,臺南市新化區山腳里2鄰頂山腳25號,道教,臺南市新化區山腳里2鄰頂山腳25號,0,0
照明宮,臺南市政府,天上聖母,臺南市新市區,臺南市,新市區,三舍里,臺南市新市區三舍里71號,道教,臺南市新市區三舍里71號,0,0
聖興宮,臺南市政府,天上聖母,臺南市善化區,臺南市,善化區,東隆里,臺南市善化區東勢寮東隆里9鄰215-2號,道教,臺南市善化區東勢寮東隆里9鄰215-2號,0,0
苓子林龍鳳宮,臺南市政府,天上聖母,臺南市善化區,臺南市,善化區,光文里,臺南市善化區光文里北仔店4-1號,道教,臺南市善化區光文里北仔店4-1號,0,0
汾陽殿,臺南市政府,天上聖母,臺南市西港區,臺南市,西港區,竹林里,臺南市西港區竹林里88號,道教,臺南市西港區竹林里88號,0,0
北寮天艷宮,臺南市政府,天艶公主,臺南市南化區,臺南市,南化區,北寮里,臺南市南化區北寮里11鄰162之2號,道教,臺南市南化區北寮里11鄰162之2號,0,0
太子廟,臺南市政府,太子爺,臺南市山上區,臺南市,山上區,豐德里,臺南市山上區豐德里隙子口47號,道教,臺南市山上區豐德里隙子口47號,0,0
中壇宮,臺南市政府,太子爺,臺南市鹽水區,臺南市,鹽水區,歡雅里,臺南市鹽水區歡雅里15鄰中州寮9-1號,道教,臺南市鹽水區歡雅里15鄰中州寮9-1號,0,0
德馨宮,臺南市政府,文衡聖帝,臺南市後壁區,臺南市,後壁區,墨林里,臺南市後壁區墨林里13鄰321號,道教,臺南市後壁區墨林里13鄰321號,0,0
昭清宮,臺南市政府,文衡聖帝,臺南市佳里區,臺南市,佳里區,市佳里,臺南市佳里區安西里118-3號,道教,臺南市佳里區安西里118-3號,0,0
明聖殿,臺南市政府,文衡聖帝,臺南市柳營區,臺南市,柳營區,重溪里,臺南市柳營區重溪里小腳腿12鄰123號,道教,臺南市柳營區重溪里小腳腿12鄰123號,0,0
慈孝宮,臺南市政府,王媽娘娘,臺南市麻豆區,臺南市,麻豆區,磚井里,臺南市麻豆區磚井里83-5號,道教,臺南市麻豆區磚井里83-5號,0,0
佛聖壇,臺南市政府,北方真武上帝,臺南市後壁區,臺南市,後壁區,平安里,臺南市後壁區平安里4鄰51之1號,道教,臺南市後壁區平安里4鄰51之1號,0,0
玄天宮,臺南市政府,北極玄天上帝,臺南市仁德區,臺南市,仁德區,中洲里,臺南市仁德區中洲里333號,道教,臺南市仁德區中洲里333號,0,0
聖武宮,臺南市政府,北極玄天上帝,臺南市北區,臺南市,市北區,成德里,臺南市北區成德里文成路193號,道教,臺南市北區成德里文成路193號,0,0
上帝廟,臺南市政府,玄天上帝,臺南市鹽水區,臺南市,鹽水區,水秀里,臺南市鹽水區水秀里土庫24號,道教,臺南市鹽水區水秀里土庫24號,0,0
北極殿,臺南市政府,玄天上帝,臺南市麻豆區,臺南市,麻豆區,安東里,臺南市麻豆區安東里8鄰安業119號,道教,臺南市麻豆區安東里8鄰安業119號,0,0
玄虎宮,臺南市政府,玄天上帝,臺南市仁德區,臺南市,仁德區,中生里,臺南市仁德區中洲中生里13鄰226-31號,道教,臺南市仁德區中洲中生里13鄰226-31號,0,0
天德宮,臺南市政府,玄天上帝,臺南市鹽水區,臺南市,鹽水區,三明里,臺南市鹽水區三明里舊營116號,道教,臺南市鹽水區三明里舊營116號,0,0
賢明壇,臺南市政府,玄天上帝,臺南市龍崎區,臺南市,龍崎區,楠坑里,臺南市龍崎區楠坑里7鄰小湖子15-1號,道教,臺南市龍崎區楠坑里7鄰小湖子15-1號,0,0
真武殿,臺南市政府,玄天上帝,臺南市新營區,臺南市,新營區,南興里,臺南市新營區南興里延平路112號,道教,臺南市新營區南興里延平路112號,0,0
靈殿宮,臺南市政府,玄天上帝,臺南市後壁區,臺南市,後壁區,平安里,臺南市後壁區平安里9鄰魚寮10號,道教,臺南市後壁區平安里9鄰魚寮10號,0,0
仁德北極殿,臺南市政府,玄天上帝,臺南市仁德區,臺南市,仁德區,中洲里,臺南市仁德區中洲里中州381之22號,道教,臺南市仁德區中洲里中州381之22號,0,0
玄天宮,臺南市政府,玄天上帝,臺南市西港區,臺南市,西港區,西港里,臺南市西港區堀子頭西港里25鄰46-1號,道教,臺南市西港區堀子頭西港里25鄰46-1號,0,0
南港墘北極殿,臺南市政府,玄天上帝,臺南市新市區,臺南市,新市區,港墘里,臺南市新市區港墘里22鄰華美11號,道教,臺南市新市區港墘里22鄰華美11號,0,0
二甲玄武殿,臺南市政府,玄天上帝,臺南市六甲區,臺南市,六甲區,二甲里,臺南市六甲區二甲里民權街215號,道教,臺南市六甲區二甲里民權街215號,0,0
平安鎮安堂,臺南市政府,玄天上帝,臺南市後壁區,臺南市,後壁區,短樹里,臺南市後壁區長短樹里藥店口58之5號,道教,臺南市後壁區長短樹里藥店口58之5號,0,0
北極殿,臺南市政府,玄天上帝,臺南市麻豆區,臺南市,麻豆區,安西里,臺南市麻豆區安西里安業227號之10,道教,臺南市麻豆區安西里安業227號之10,0,0
全安宮,臺南市政府,玄天上帝,臺南市白河區,臺南市,白河區,昇安里,臺南市白河區昇安里3鄰三間厝39號,道教,臺南市白河區昇安里3鄰三間厝39號,0,0
上帝廟,臺南市政府,玄天上帝,臺南市白河區,臺南市,白河區,汴頭里,臺南市白河區汴頭里4鄰內枋林20號,道教,臺南市白河區汴頭里4鄰內枋林20號,0,0
大灣玉虛寺,臺南市政府,玄德聖帝,臺南市永康區,臺南市,永康區,大灣里,臺南市永康區大灣里中灣1街16號,道教,臺南市永康區大灣里中灣1街16號,0,0
玉皇宮,臺南市政府,玉皇大帝,臺南市學甲區,臺南市,學甲區,秀昌里,臺南市學甲區秀昌里中山路下溪洲16號之12,道教,臺南市學甲區秀昌里中山路下溪洲16號之12,0,0
辜厝翰林院,臺南市政府,田都元帥,臺南市歸仁區,臺南市,歸仁區,辜厝里,臺南市歸仁區辜厝里中正6街62號,道教,臺南市歸仁區辜厝里中正6街62號,0,0
永安宮,臺南市政府,石府千歲,臺南市麻豆區,臺南市,麻豆區,北勢里,臺南市麻豆區北勢里3鄰加輦邦29號,道教,臺南市麻豆區北勢里3鄰加輦邦29號,0,0
石安宮,臺南市政府,石府千歲,臺南市麻豆區,臺南市,麻豆區,大山里,臺南市麻豆區大山里大山腳7鄰69-4號,道教,臺南市麻豆區大山里大山腳7鄰69-4號,0,0
金安宮,臺南市政府,朱府千歲,臺南市西港區,臺南市,西港區,金砂里,臺南市西港區.金砂里4鄰砂凹仔5-1號,道教,臺南市西港區.金砂里4鄰砂凹仔5-1號,0,0
石梯代天府,臺南市政府,朱府千歲,臺南市龍崎區,臺南市,龍崎區,崎頂里,臺南市龍崎區崎頂里14鄰石梯子2號,道教,臺南市龍崎區崎頂里14鄰石梯子2號,0,0
西埔興安壇,臺南市政府,池府千歲,臺南市南化區,臺南市,南化區,西埔村,臺南市南化區西埔村16鄰200號,道教,臺南市南化區西埔村16鄰200號,0,0
武東玄武宮,臺南市政府,池府千歲,臺南市歸仁區,臺南市,歸仁區,武東里,臺南市歸仁區武東里武東二街40號,道教,臺南市歸仁區武東里武東二街40號,0,0
勸善堂,臺南市政府,池府千歲,臺南市後壁區,臺南市,後壁區,崁頂里,臺南市後壁區崁頂里4鄰47號,道教,臺南市後壁區崁頂里4鄰47號,0,0
保安宮,臺南市政府,池府千歲,臺南市西港區,臺南市,西港區,檨林里,臺南市西港區東竹林檨林里13號,道教,臺南市西港區東竹林檨林里13號,0,0
太安宮,臺南市政府,池府千歲,臺南市龍崎區,臺南市,龍崎區,大坪里,臺南市龍崎區大坪里38號,道教,臺南市龍崎區大坪里38號,0,0
永就宮,臺南市政府,池府千歲,臺南市新市區,臺南市,新市區,永就里,臺南市新市區永就里6號,道教,臺南市新市區永就里6號,0,0
塭內蚶寮永昌宮,臺南市政府,池府千歲,臺南市佳里區,臺南市,佳里區,市佳里,臺南市佳里區龍安里塭子內39號,道教,臺南市佳里區龍安里塭子內39號,0,0
永安宮,臺南市政府,池府千歲,臺南市佳里區,臺南市,佳里區,市佳里,臺南市佳里區頂廍里10鄰116號,道教,臺南市佳里區頂廍里10鄰116號,0,0
慈明宮,臺南市政府,池府千歲,臺南市學甲區,臺南市,學甲區,三慶里,臺南市學甲區三慶里105號,道教,臺南市學甲區三慶里105號,0,0
池興堂,臺南市政府,池府千歲,臺南市下營區,臺南市,下營區,新興里,臺南市下營區新興里寮前15鄰2街22號,道教,臺南市下營區新興里寮前15鄰2街22號,0,0
頂窩永威靈殿,臺南市政府,池府千歲,臺南市東山區,臺南市,東山區,聖賢里,臺南市東山區聖賢里19鄰頂窩55號,道教,臺南市東山區聖賢里19鄰頂窩55號,0,0
鎮山宮,臺南市政府,池府千歲,臺南市佳里區,臺南市,佳里區,市佳里,臺南市佳里區鎮山里94號,道教,臺南市佳里區鎮山里94號,0,0
池王宮,臺南市政府,池府千歲,臺南市佳里區,臺南市,佳里區,市佳里,臺南市佳里區鎮山里信義1街166巷7號,道教,臺南市佳里區鎮山里信義1街166巷7號,0,0
鎮西宮,臺南市政府,西方元帥,臺南市佳里區,臺南市,佳里區,市佳里,臺南市佳里區安西里51鄰130-128號,道教,臺南市佳里區安西里51鄰130-128號,0,0
伽藍廟,臺南市政府,伽藍尊王,臺南市鹽水區,臺南市,鹽水區,津城里,臺南市鹽水區津城里朝琴路5號,道教,臺南市鹽水區津城里朝琴路5號,0,0
佛祖廟,臺南市政府,佛祖,臺南市善化區,臺南市,善化區,坐駕里,臺南市善化區坐駕里24鄰31號,佛教,臺南市善化區坐駕里24鄰31號,0,0
七股九龍宮,臺南市政府,吳府千歲,臺南市七股區,臺南市,七股區,七股里,臺南市七股區七股里4鄰95號,道教,臺南市七股區七股里4鄰95號,0,0
天玄宮,臺南市政府,吳府千歲,臺南市佳里區,臺南市,佳里區,市佳里,臺南市佳里區民安里新宅36號,道教,臺南市佳里區民安里新宅36號,0,0
東興宮,臺南市政府,吳府千歲,臺南市北門區,臺南市,北門區,中樞里,臺南市北門區中樞里23號,道教,臺南市北門區中樞里23號,0,0
泰安宮,臺南市政府,吳府千歲,臺南市北門區,臺南市,北門區,永華里,臺南市北門區永華里80號,道教,臺南市北門區永華里80號,0,0
保安宮,臺南市政府,李府千歲,臺南市麻豆區,臺南市,麻豆區,總榮里,臺南市麻豆區總榮里3鄰32號,道教,臺南市麻豆區總榮里3鄰32號,0,0
大山宮,臺南市政府,李府千歲,臺南市麻豆區,臺南市,麻豆區,大山里,臺南市麻豆區大山里4鄰212號,道教,臺南市麻豆區大山里4鄰212號,0,0
忠孝堂,臺南市政府,岳府元帥,臺南市後壁區,臺南市,後壁區,仕安里,臺南市後壁區仕安里9鄰59號,道教,臺南市後壁區仕安里9鄰59號,0,0
天峘聖堂,臺南市政府,明明上帝,臺南市南化區,臺南市,南化區,十化里,臺南市南化區十化里14鄰293號,一貫道,臺南市南化區十化里14鄰293號,0,0
代天宮,臺南市政府,金府千歲,臺南市善化區,臺南市,善化區,什乃里,臺南市善化區什乃什乃里9鄰81號,道教,臺南市善化區什乃什乃里9鄰81號,0,0
佛頂山朝聖寺,臺南市政府,阿彌陀佛,臺南市左鎮區,臺南市,左鎮區,榮和里,臺南市左鎮區菜寮榮和里106之1號,佛教,臺南市左鎮區菜寮榮和里106之1號,0,0
濟佑宮,臺南市政府,保生大帝,臺南市白河區,臺南市,白河區,蓮潭里,臺南市白河區蓮潭里北埔8號,道教,臺南市白河區蓮潭里北埔8號,0,0
保生宮,臺南市政府,保生大帝,臺南市仁德區,臺南市,仁德區,中生里,臺南市仁德區中生里83號,道教,臺南市仁德區中生里83號,0,0
興安宮,臺南市政府,紀府千歲,臺南市北門區,臺南市,北門區,永華里,臺南市北門區永華里64號,道教,臺南市北門區永華里64號,0,0
慶濟宮,臺南市政府,清水祖師,臺南市善化區,臺南市,善化區,東隆里,臺南市善化區東隆里6鄰183號,道教,臺南市善化區東隆里6鄰183號,0,0
永安堂,臺南市政府,清水祖師,臺南市後壁區,臺南市,後壁區,頂長里,臺南市後壁區頂長里4鄰24號,道教,臺南市後壁區頂長里4鄰24號,0,0
善主公廟,臺南市政府,善主公,臺南市白河區,臺南市,白河區,竹門里,臺南市白河區番子園竹門里13鄰20-17號,道教,臺南市白河區番子園竹門里13鄰20-17號,0,0
普天宮,臺南市政府,普庵祖佛,臺南市麻豆區,臺南市,麻豆區,小埤里,臺南市麻豆區小埤頭小埤里3鄰1-2號,道教,臺南市麻豆區小埤頭小埤里3鄰1-2號,0,0
普何宮,臺南市政府,普庵祖師,臺南市麻豆區,臺南市,麻豆區,謝安里,臺南市麻豆區謝安里2號,道教,臺南市麻豆區謝安里2號,0,0
聖懿普庵堂,臺南市政府,普庵祖師,臺南市安定區,臺南市,安定區,新吉里,臺南市安定區新吉新吉里58-12號,道教,臺南市安定區新吉新吉里58-12號,0,0
南聖宮,臺南市政府,游府千歲,臺南市七股區,臺南市,七股區,鹽埕里,臺南市七股區鹽埕里3鄰鹽埕209號,道教,臺南市七股區鹽埕里3鄰鹽埕209號,0,0
廣興宮,臺南市政府,楊府太師,臺南市西港區,臺南市,西港區,南海里,臺南市西港區中港南海里19鄰24號,道教,臺南市西港區中港南海里19鄰24號,0,0
天聖宮,臺南市政府,溫府千歲,臺南市西港區,臺南市,西港區,港東里,臺南市西港區八份港東里24-3號,道教,臺南市西港區八份港東里24-3號,0,0
玉井慈惠堂,臺南市政府,瑤池金母,臺南市玉井區,臺南市,玉井區,玉田里,臺南市玉井區玉田里玉安街41號,道教,臺南市玉井區玉田里玉安街41號,0,0
九龍殿,臺南市政府,謝府元帥,臺南市佳里區,臺南市,佳里區,市佳里,臺南市佳里區建南里南勢街296號,道教,臺南市佳里區建南里南勢街296號,0,0
開天府,臺南市政府,關聖帝君,臺南市後壁區,臺南市,後壁區,嘉田里,臺南市後壁區嘉田里5鄰48-15號,道教,臺南市後壁區嘉田里5鄰48-15號,0,0
南天忠義堂,臺南市政府,關聖帝君,臺南市佳里區,臺南市,佳里區,市佳里,臺南市佳里區頂廍里89號之1,道教,臺南市佳里區頂廍里89號之1,0,0
大聖海般若禪寺,臺南市政府,釋迦牟尼佛,臺南市後壁區,臺南市,後壁區,嘉田里,臺南市後壁區嘉田里5鄰48-14號,佛教,臺南市後壁區嘉田里5鄰48-14號,0,0
普明寺,臺南市政府,觀世音菩薩,臺南市麻豆區,臺南市,麻豆區,小埤里,臺南市麻豆區小埤里苓子林1鄰1之32號,道教,臺南市麻豆區小埤里苓子林1鄰1之32號,0,0
佳福寺,臺南市政府,觀世音菩薩,臺南市佳里區,臺南市,佳里區,市佳里,臺南市佳里區營頂里102號,道教,臺南市佳里區營頂里102號,0,0
北極殿,澎湖縣政府,玄天上帝,澎湖縣湖西鄉,澎湖縣,湖西鄉,果葉村,澎湖縣湖西鄉果葉村1號,道教,澎湖縣湖西鄉果葉村1號,0,0
閩南臺澎玉皇宮,澎湖縣政府,玉皇大帝,澎湖縣湖西鄉,澎湖縣,湖西鄉,果葉村,澎湖縣湖西鄉果葉村110-12號,道教,澎湖縣湖西鄉果葉村110-12號,0,0
澎湖紫微宮,澎湖縣政府,紫微大帝,澎湖縣馬公市,澎湖縣,馬公市,鎖港里,澎湖縣馬公市鎖管港鎖港里8鄰593號,道教,澎湖縣馬公市鎖管港鎖港里8鄰593號,0,0
蜩鳴宮,澎湖縣政府,溫府王爺,澎湖縣白沙鄉,澎湖縣,白沙鄉,赤崁村,澎湖縣白沙鄉小赤崁村2鄰11-1號,道教,澎湖縣白沙鄉小赤崁村2鄰11-1號,0,0
龍慶宮,澎湖縣政府,關帝聖君,澎湖縣西嶼鄉,澎湖縣,西嶼鄉,合界村,澎湖縣西嶼鄉后螺合界村1號,道教,澎湖縣西嶼鄉后螺合界村1號,0,0
靈法寺,澎湖縣政府,釋迦牟尼佛,澎湖縣湖西鄉,澎湖縣,湖西鄉,果葉村,澎湖縣湖西鄉果葉村161號,佛教,澎湖縣湖西鄉果葉村161號,0,0
吳府宮,澎湖縣政府,,澎湖縣七美鄉,澎湖縣,七美鄉,海豐村,澎湖縣七美鄉下宮海豐村1鄰6號,道教,澎湖縣七美鄉下宮海豐村1鄰6號,0,0
